,movie,year,imdb,metascore,votes
0,Inception,(2010),8.8,74,1984884
1,Shutter Island,(2010),8.2,63,1087981
2,Toy Story 3,(2010),8.3,92,735808
3,Iron Man 2,(2010),7.0,57,702696
4,Black Swan,(2010),8.0,79,683139
5,How to Train Your Dragon,(2010),8.1,75,647994
6,The King's Speech,(2010),8.0,88,625464
7,The Social Network,(2010),7.7,95,605105
8,Kick-Ass,(2010),7.6,66,516121
9,Despicable Me,(2010),7.6,72,489081
10,Harry Potter and the Deathly Hallows: Part 1,(2010),7.7,65,459854
11,Tangled,(2010),7.7,71,393833
12,Alice in Wonderland,(I) (2010),6.4,53,375175
13,Scott Pilgrim vs. the World,(2010),7.5,69,364832
14,Easy A,(2010),7.0,72,348565
15,The Town,(2010),7.5,74,342199
16,127 Hours,(2010),7.6,82,340775
17,The Fighter,(I) (2010),7.8,79,332526
18,The Expendables,(2010),6.5,45,319989
19,Due Date,(2010),6.5,51,317419
20,TRON: Legacy,(2010),6.8,49,307951
21,True Grit,(2010),7.6,80,302995
22,Salt,(2010),6.4,65,290127
23,The Book of Eli,(2010),6.9,53,286894
24,RED,(2010),7.0,60,282740
25,Insidious,(I) (2010),6.8,52,270176
26,Prince of Persia: The Sands of Time,(2010),6.6,50,266811
27,Clash of the Titans,(2010),5.8,39,266162
28,Robin Hood,(2010),6.6,53,248745
29,The A-Team,(2010),6.7,47,242486
30,The Other Guys,(2010),6.6,64,236573
31,Grown Ups,(I) (2010),5.9,30,223118
32,The Twilight Saga: Eclipse,(2010),5.0,58,221756
33,Megamind,(2010),7.2,63,221499
34,The Tourist,(I) (2010),6.0,37,218820
35,Predators,(2010),6.4,51,207947
36,Machete,(2010),6.6,60,187918
37,Unstoppable,(2010),6.8,69,180993
38,Blue Valentine,(2010),7.4,81,179886
39,Shrek Forever After,(2010),6.3,58,179304
40,The Next Three Days,(2010),7.4,52,177955
41,Knight and Day,(2010),6.3,46,176553
42,Love & Other Drugs,(2010),6.7,55,176139
43,Percy Jackson & the Olympians: The Lightning Thief,(2010),5.9,47,173348
44,Get Him to the Greek,(2010),6.4,65,167370
45,Tucker and Dale vs Evil,(2010),7.5,65,161579
46,Inception,(2010),8.8,74,1984884
47,Shutter Island,(2010),8.2,63,1087981
48,Toy Story 3,(2010),8.3,92,735808
49,Iron Man 2,(2010),7.0,57,702696
50,Black Swan,(2010),8.0,79,683139
51,How to Train Your Dragon,(2010),8.1,75,647994
52,The King's Speech,(2010),8.0,88,625464
53,The Social Network,(2010),7.7,95,605105
54,Kick-Ass,(2010),7.6,66,516121
55,Despicable Me,(2010),7.6,72,489081
56,Harry Potter and the Deathly Hallows: Part 1,(2010),7.7,65,459854
57,Tangled,(2010),7.7,71,393833
58,Alice in Wonderland,(I) (2010),6.4,53,375175
59,Scott Pilgrim vs. the World,(2010),7.5,69,364832
60,Easy A,(2010),7.0,72,348565
61,The Town,(2010),7.5,74,342199
62,127 Hours,(2010),7.6,82,340775
63,The Fighter,(I) (2010),7.8,79,332526
64,The Expendables,(2010),6.5,45,319989
65,Due Date,(2010),6.5,51,317419
66,TRON: Legacy,(2010),6.8,49,307951
67,True Grit,(2010),7.6,80,302995
68,Salt,(2010),6.4,65,290127
69,The Book of Eli,(2010),6.9,53,286894
70,RED,(2010),7.0,60,282740
71,Insidious,(I) (2010),6.8,52,270176
72,Prince of Persia: The Sands of Time,(2010),6.6,50,266811
73,Clash of the Titans,(2010),5.8,39,266162
74,Robin Hood,(2010),6.6,53,248745
75,The A-Team,(2010),6.7,47,242486
76,The Other Guys,(2010),6.6,64,236573
77,Grown Ups,(I) (2010),5.9,30,223118
78,The Twilight Saga: Eclipse,(2010),5.0,58,221756
79,Megamind,(2010),7.2,63,221499
80,The Tourist,(I) (2010),6.0,37,218820
81,Predators,(2010),6.4,51,207947
82,Machete,(2010),6.6,60,187918
83,Unstoppable,(2010),6.8,69,180993
84,Blue Valentine,(2010),7.4,81,179886
85,Shrek Forever After,(2010),6.3,58,179304
86,The Next Three Days,(2010),7.4,52,177955
87,Knight and Day,(2010),6.3,46,176553
88,Love & Other Drugs,(2010),6.7,55,176139
89,Percy Jackson & the Olympians: The Lightning Thief,(2010),5.9,47,173348
90,Get Him to the Greek,(2010),6.4,65,167370
91,Tucker and Dale vs Evil,(2010),7.5,65,161579
92,Inception,(2010),8.8,74,1984884
93,Shutter Island,(2010),8.2,63,1087981
94,Toy Story 3,(2010),8.3,92,735808
95,Iron Man 2,(2010),7.0,57,702696
96,Black Swan,(2010),8.0,79,683139
97,How to Train Your Dragon,(2010),8.1,75,647994
98,The King's Speech,(2010),8.0,88,625464
99,The Social Network,(2010),7.7,95,605105
100,Kick-Ass,(2010),7.6,66,516121
101,Despicable Me,(2010),7.6,72,489081
102,Harry Potter and the Deathly Hallows: Part 1,(2010),7.7,65,459854
103,Tangled,(2010),7.7,71,393833
104,Alice in Wonderland,(I) (2010),6.4,53,375175
105,Scott Pilgrim vs. the World,(2010),7.5,69,364832
106,Easy A,(2010),7.0,72,348565
107,The Town,(2010),7.5,74,342199
108,127 Hours,(2010),7.6,82,340775
109,The Fighter,(I) (2010),7.8,79,332526
110,The Expendables,(2010),6.5,45,319989
111,Due Date,(2010),6.5,51,317419
112,TRON: Legacy,(2010),6.8,49,307951
113,True Grit,(2010),7.6,80,302995
114,Salt,(2010),6.4,65,290127
115,The Book of Eli,(2010),6.9,53,286894
116,RED,(2010),7.0,60,282740
117,Insidious,(I) (2010),6.8,52,270176
118,Prince of Persia: The Sands of Time,(2010),6.6,50,266811
119,Clash of the Titans,(2010),5.8,39,266162
120,Robin Hood,(2010),6.6,53,248745
121,The A-Team,(2010),6.7,47,242486
122,The Other Guys,(2010),6.6,64,236573
123,Grown Ups,(I) (2010),5.9,30,223118
124,The Twilight Saga: Eclipse,(2010),5.0,58,221756
125,Megamind,(2010),7.2,63,221499
126,The Tourist,(I) (2010),6.0,37,218820
127,Predators,(2010),6.4,51,207947
128,Machete,(2010),6.6,60,187918
129,Unstoppable,(2010),6.8,69,180993
130,Blue Valentine,(2010),7.4,81,179886
131,Shrek Forever After,(2010),6.3,58,179304
132,The Next Three Days,(2010),7.4,52,177955
133,Knight and Day,(2010),6.3,46,176553
134,Love & Other Drugs,(2010),6.7,55,176139
135,Percy Jackson & the Olympians: The Lightning Thief,(2010),5.9,47,173348
136,Get Him to the Greek,(2010),6.4,65,167370
137,Tucker and Dale vs Evil,(2010),7.5,65,161579
138,Inception,(2010),8.8,74,1984884
139,Shutter Island,(2010),8.2,63,1087981
140,Toy Story 3,(2010),8.3,92,735808
141,Iron Man 2,(2010),7.0,57,702696
142,Black Swan,(2010),8.0,79,683139
143,How to Train Your Dragon,(2010),8.1,75,647994
144,The King's Speech,(2010),8.0,88,625464
145,The Social Network,(2010),7.7,95,605105
146,Kick-Ass,(2010),7.6,66,516121
147,Despicable Me,(2010),7.6,72,489081
148,Harry Potter and the Deathly Hallows: Part 1,(2010),7.7,65,459854
149,Tangled,(2010),7.7,71,393833
150,Alice in Wonderland,(I) (2010),6.4,53,375175
151,Scott Pilgrim vs. the World,(2010),7.5,69,364832
152,Easy A,(2010),7.0,72,348565
153,The Town,(2010),7.5,74,342199
154,127 Hours,(2010),7.6,82,340775
155,The Fighter,(I) (2010),7.8,79,332526
156,The Expendables,(2010),6.5,45,319989
157,Due Date,(2010),6.5,51,317419
158,TRON: Legacy,(2010),6.8,49,307951
159,True Grit,(2010),7.6,80,302995
160,Salt,(2010),6.4,65,290127
161,The Book of Eli,(2010),6.9,53,286894
162,RED,(2010),7.0,60,282740
163,Insidious,(I) (2010),6.8,52,270176
164,Prince of Persia: The Sands of Time,(2010),6.6,50,266811
165,Clash of the Titans,(2010),5.8,39,266162
166,Robin Hood,(2010),6.6,53,248745
167,The A-Team,(2010),6.7,47,242486
168,The Other Guys,(2010),6.6,64,236573
169,Grown Ups,(I) (2010),5.9,30,223118
170,The Twilight Saga: Eclipse,(2010),5.0,58,221756
171,Megamind,(2010),7.2,63,221499
172,The Tourist,(I) (2010),6.0,37,218820
173,Predators,(2010),6.4,51,207947
174,Machete,(2010),6.6,60,187918
175,Unstoppable,(2010),6.8,69,180993
176,Blue Valentine,(2010),7.4,81,179886
177,Shrek Forever After,(2010),6.3,58,179304
178,The Next Three Days,(2010),7.4,52,177955
179,Knight and Day,(2010),6.3,46,176553
180,Love & Other Drugs,(2010),6.7,55,176139
181,Percy Jackson & the Olympians: The Lightning Thief,(2010),5.9,47,173348
182,Get Him to the Greek,(2010),6.4,65,167370
183,Tucker and Dale vs Evil,(2010),7.5,65,161579
184,Harry Potter and the Deathly Hallows: Part 2,(2011),8.1,85,738652
185,The Intouchables,(2011),8.5,57,732065
186,Thor,(2011),7.0,57,727539
187,Captain America: The First Avenger,(2011),6.9,66,719765
188,X-Men: First Class,(2011),7.7,65,634644
189,Drive,(I) (2011),7.8,78,555337
190,Limitless,(I) (2011),7.4,59,517095
191,Rise of the Planet of the Apes,(2011),7.6,68,489063
192,Source Code,(2011),7.5,74,474683
193,Pirates of the Caribbean: On Stranger Tides,(2011),6.6,45,470381
194,"Crazy, Stupid, Love",(2011),7.4,68,460478
195,The Hangover Part II,(2011),6.4,44,454387
196,Mission: Impossible - Ghost Protocol,(2011),7.4,73,447684
197,Warrior,(2011),8.2,71,425324
198,The Help,(2011),8.0,62,417326
199,Horrible Bosses,(2011),6.9,57,414297
200,Sherlock Holmes: A Game of Shadows,(2011),7.5,48,412164
201,The Girl with the Dragon Tattoo,(2011),7.8,71,409470
202,Transformers: Dark of the Moon,(2011),6.2,42,378814
203,Midnight in Paris,(2011),7.7,81,377355
204,The Cabin in the Woods,(2011),7.0,72,364082
205,In Time,(2011),6.7,53,361966
206,Moneyball,(2011),7.6,87,351322
207,Fast Five,(2011),7.3,66,345782
208,Super 8,(2011),7.0,72,333139
209,Friends with Benefits,(2011),6.5,63,332650
210,50/50,(2011),7.6,72,310906
211,Hugo,(2011),7.5,83,298237
212,Real Steel,(2011),7.1,56,292193
213,Contagion,(2011),6.7,70,271689
214,Green Lantern,(2011),5.5,39,262285
215,Bridesmaids,(I) (2011),6.8,75,261832
216,Kung Fu Panda 2,(2011),7.2,67,245591
217,Unknown,(I) (2011),6.8,56,244007
218,The Adjustment Bureau,(2011),7.0,60,238759
219,The Grey,(2011),6.8,64,236797
220,Paul,(2011),7.0,57,230474
221,Rango,(2011),7.2,75,229862
222,The Descendants,(2011),7.3,84,229451
223,Sucker Punch,(2011),6.0,33,226397
224,The Artist,(I) (2011),7.9,89,226382
225,I Am Number Four,(2011),6.1,36,224420
226,The Twilight Saga: Breaking Dawn - Part 1,(2011),4.9,45,218064
227,Just Go with It,(2011),6.4,33,215743
228,A Separation,(2011),8.3,95,212661
229,Harry Potter and the Deathly Hallows: Part 2,(2011),8.1,85,738652
230,The Intouchables,(2011),8.5,57,732065
231,Thor,(2011),7.0,57,727539
232,Captain America: The First Avenger,(2011),6.9,66,719765
233,X-Men: First Class,(2011),7.7,65,634644
234,Drive,(I) (2011),7.8,78,555337
235,Limitless,(I) (2011),7.4,59,517095
236,Rise of the Planet of the Apes,(2011),7.6,68,489063
237,Source Code,(2011),7.5,74,474683
238,Pirates of the Caribbean: On Stranger Tides,(2011),6.6,45,470381
239,"Crazy, Stupid, Love",(2011),7.4,68,460478
240,The Hangover Part II,(2011),6.4,44,454387
241,Mission: Impossible - Ghost Protocol,(2011),7.4,73,447684
242,Warrior,(2011),8.2,71,425324
243,The Help,(2011),8.0,62,417326
244,Horrible Bosses,(2011),6.9,57,414297
245,Sherlock Holmes: A Game of Shadows,(2011),7.5,48,412164
246,The Girl with the Dragon Tattoo,(2011),7.8,71,409470
247,Transformers: Dark of the Moon,(2011),6.2,42,378814
248,Midnight in Paris,(2011),7.7,81,377355
249,The Cabin in the Woods,(2011),7.0,72,364082
250,In Time,(2011),6.7,53,361966
251,Moneyball,(2011),7.6,87,351322
252,Fast Five,(2011),7.3,66,345782
253,Super 8,(2011),7.0,72,333139
254,Friends with Benefits,(2011),6.5,63,332650
255,50/50,(2011),7.6,72,310906
256,Hugo,(2011),7.5,83,298237
257,Real Steel,(2011),7.1,56,292193
258,Contagion,(2011),6.7,70,271689
259,Green Lantern,(2011),5.5,39,262285
260,Bridesmaids,(I) (2011),6.8,75,261832
261,Kung Fu Panda 2,(2011),7.2,67,245591
262,Unknown,(I) (2011),6.8,56,244007
263,The Adjustment Bureau,(2011),7.0,60,238759
264,The Grey,(2011),6.8,64,236797
265,Paul,(2011),7.0,57,230474
266,Rango,(2011),7.2,75,229862
267,The Descendants,(2011),7.3,84,229451
268,Sucker Punch,(2011),6.0,33,226397
269,The Artist,(I) (2011),7.9,89,226382
270,I Am Number Four,(2011),6.1,36,224420
271,The Twilight Saga: Breaking Dawn - Part 1,(2011),4.9,45,218064
272,Just Go with It,(2011),6.4,33,215743
273,A Separation,(2011),8.3,95,212661
274,Harry Potter and the Deathly Hallows: Part 2,(2011),8.1,85,738652
275,The Intouchables,(2011),8.5,57,732065
276,Thor,(2011),7.0,57,727539
277,Captain America: The First Avenger,(2011),6.9,66,719765
278,X-Men: First Class,(2011),7.7,65,634644
279,Drive,(I) (2011),7.8,78,555337
280,Limitless,(I) (2011),7.4,59,517095
281,Rise of the Planet of the Apes,(2011),7.6,68,489063
282,Source Code,(2011),7.5,74,474683
283,Pirates of the Caribbean: On Stranger Tides,(2011),6.6,45,470381
284,"Crazy, Stupid, Love",(2011),7.4,68,460478
285,The Hangover Part II,(2011),6.4,44,454387
286,Mission: Impossible - Ghost Protocol,(2011),7.4,73,447684
287,Warrior,(2011),8.2,71,425324
288,The Help,(2011),8.0,62,417326
289,Horrible Bosses,(2011),6.9,57,414297
290,Sherlock Holmes: A Game of Shadows,(2011),7.5,48,412164
291,The Girl with the Dragon Tattoo,(2011),7.8,71,409470
292,Transformers: Dark of the Moon,(2011),6.2,42,378814
293,Midnight in Paris,(2011),7.7,81,377355
294,The Cabin in the Woods,(2011),7.0,72,364082
295,In Time,(2011),6.7,53,361966
296,Moneyball,(2011),7.6,87,351322
297,Fast Five,(2011),7.3,66,345782
298,Super 8,(2011),7.0,72,333139
299,Friends with Benefits,(2011),6.5,63,332650
300,50/50,(2011),7.6,72,310906
301,Hugo,(2011),7.5,83,298237
302,Real Steel,(2011),7.1,56,292193
303,Contagion,(2011),6.7,70,271689
304,Green Lantern,(2011),5.5,39,262285
305,Bridesmaids,(I) (2011),6.8,75,261832
306,Kung Fu Panda 2,(2011),7.2,67,245591
307,Unknown,(I) (2011),6.8,56,244007
308,The Adjustment Bureau,(2011),7.0,60,238759
309,The Grey,(2011),6.8,64,236797
310,Paul,(2011),7.0,57,230474
311,Rango,(2011),7.2,75,229862
312,The Descendants,(2011),7.3,84,229451
313,Sucker Punch,(2011),6.0,33,226397
314,The Artist,(I) (2011),7.9,89,226382
315,I Am Number Four,(2011),6.1,36,224420
316,The Twilight Saga: Breaking Dawn - Part 1,(2011),4.9,45,218064
317,Just Go with It,(2011),6.4,33,215743
318,A Separation,(2011),8.3,95,212661
319,Harry Potter and the Deathly Hallows: Part 2,(2011),8.1,85,738652
320,The Intouchables,(2011),8.5,57,732065
321,Thor,(2011),7.0,57,727539
322,Captain America: The First Avenger,(2011),6.9,66,719765
323,X-Men: First Class,(2011),7.7,65,634644
324,Drive,(I) (2011),7.8,78,555337
325,Limitless,(I) (2011),7.4,59,517095
326,Rise of the Planet of the Apes,(2011),7.6,68,489063
327,Source Code,(2011),7.5,74,474683
328,Pirates of the Caribbean: On Stranger Tides,(2011),6.6,45,470381
329,"Crazy, Stupid, Love",(2011),7.4,68,460478
330,The Hangover Part II,(2011),6.4,44,454387
331,Mission: Impossible - Ghost Protocol,(2011),7.4,73,447684
332,Warrior,(2011),8.2,71,425324
333,The Help,(2011),8.0,62,417326
334,Horrible Bosses,(2011),6.9,57,414297
335,Sherlock Holmes: A Game of Shadows,(2011),7.5,48,412164
336,The Girl with the Dragon Tattoo,(2011),7.8,71,409470
337,Transformers: Dark of the Moon,(2011),6.2,42,378814
338,Midnight in Paris,(2011),7.7,81,377355
339,The Cabin in the Woods,(2011),7.0,72,364082
340,In Time,(2011),6.7,53,361966
341,Moneyball,(2011),7.6,87,351322
342,Fast Five,(2011),7.3,66,345782
343,Super 8,(2011),7.0,72,333139
344,Friends with Benefits,(2011),6.5,63,332650
345,50/50,(2011),7.6,72,310906
346,Hugo,(2011),7.5,83,298237
347,Real Steel,(2011),7.1,56,292193
348,Contagion,(2011),6.7,70,271689
349,Green Lantern,(2011),5.5,39,262285
350,Bridesmaids,(I) (2011),6.8,75,261832
351,Kung Fu Panda 2,(2011),7.2,67,245591
352,Unknown,(I) (2011),6.8,56,244007
353,The Adjustment Bureau,(2011),7.0,60,238759
354,The Grey,(2011),6.8,64,236797
355,Paul,(2011),7.0,57,230474
356,Rango,(2011),7.2,75,229862
357,The Descendants,(2011),7.3,84,229451
358,Sucker Punch,(2011),6.0,33,226397
359,The Artist,(I) (2011),7.9,89,226382
360,I Am Number Four,(2011),6.1,36,224420
361,The Twilight Saga: Breaking Dawn - Part 1,(2011),4.9,45,218064
362,Just Go with It,(2011),6.4,33,215743
363,A Separation,(2011),8.3,95,212661
364,The Dark Knight Rises,(2012),8.4,78,1472005
365,Django Unchained,(2012),8.4,81,1308963
366,The Avengers,(2012),8.0,69,1236985
367,The Hunger Games,(2012),7.2,68,827225
368,The Hobbit: An Unexpected Journey,(2012),7.8,58,743880
369,Silver Linings Playbook,(2012),7.7,81,648611
370,Skyfall,(2012),7.7,81,618105
371,Life of Pi,(2012),7.9,79,567618
372,Argo,(2012),7.7,86,560838
373,Ted,(2012),6.9,62,560110
374,Prometheus,(I) (2012),7.0,64,558427
375,The Amazing Spider-Man,(2012),6.9,66,548041
376,Looper,(2012),7.4,84,523961
377,21 Jump Street,(2012),7.2,69,500080
378,The Perks of Being a Wallflower,(2012),8.0,67,448776
379,Wreck-It Ralph,(2012),7.7,72,369515
380,Brave,(2012),7.1,69,362354
381,Cloud Atlas,(2012),7.4,55,338875
382,Men in Black 3,(2012),6.8,58,327980
383,Flight,(I) (2012),7.3,76,318153
384,Moonrise Kingdom,(2012),7.8,84,309730
385,Les Misérables,(2012),7.6,63,301155
386,Jack Reacher,(2012),7.0,50,300447
387,The Expendables 2,(2012),6.6,51,287436
388,Taken 2,(2012),6.3,45,284529
389,The Bourne Legacy,(2012),6.7,61,279489
390,Pitch Perfect,(2012),7.2,66,269825
391,Snow White and the Huntsman,(2012),6.1,57,268293
392,The Hunt,(2012),8.3,77,267011
393,The Dictator,(2012),6.4,58,266387
394,Zero Dark Thirty,(2012),7.4,95,264902
395,John Carter,(2012),6.6,51,251069
396,Dredd,(2012),7.1,60,245227
397,Dark Shadows,(2012),6.2,55,241825
398,The Place Beyond the Pines,(2012),7.3,68,239753
399,Lincoln,(2012),7.3,86,239389
400,Chronicle,(2012),7.0,69,236574
401,Total Recall,(I) (2012),6.3,43,236460
402,Seven Psychopaths,(2012),7.2,66,235511
403,Battleship,(2012),5.8,41,232700
404,The Twilight Saga: Breaking Dawn - Part 2,(2012),5.5,52,225103
405,Lawless,(2012),7.3,58,223430
406,End of Watch,(2012),7.6,68,223305
407,Hotel Transylvania,(2012),7.1,47,217359
408,Sinister,(I) (2012),6.8,53,212336
409,Safe House,(2012),6.7,52,201045
410,American Reunion,(2012),6.7,49,199336
411,The Impossible,(2012),7.6,73,191041
412,Ice Age: Continental Drift,(2012),6.6,49,186676
413,The Dark Knight Rises,(2012),8.4,78,1472005
414,Django Unchained,(2012),8.4,81,1308963
415,The Avengers,(2012),8.0,69,1236985
416,The Hunger Games,(2012),7.2,68,827225
417,The Hobbit: An Unexpected Journey,(2012),7.8,58,743880
418,Silver Linings Playbook,(2012),7.7,81,648611
419,Skyfall,(2012),7.7,81,618105
420,Life of Pi,(2012),7.9,79,567618
421,Argo,(2012),7.7,86,560838
422,Ted,(2012),6.9,62,560110
423,Prometheus,(I) (2012),7.0,64,558427
424,The Amazing Spider-Man,(2012),6.9,66,548041
425,Looper,(2012),7.4,84,523961
426,21 Jump Street,(2012),7.2,69,500080
427,The Perks of Being a Wallflower,(2012),8.0,67,448776
428,Wreck-It Ralph,(2012),7.7,72,369515
429,Brave,(2012),7.1,69,362354
430,Cloud Atlas,(2012),7.4,55,338875
431,Men in Black 3,(2012),6.8,58,327980
432,Flight,(I) (2012),7.3,76,318153
433,Moonrise Kingdom,(2012),7.8,84,309730
434,Les Misérables,(2012),7.6,63,301155
435,Jack Reacher,(2012),7.0,50,300447
436,The Expendables 2,(2012),6.6,51,287436
437,Taken 2,(2012),6.3,45,284529
438,The Bourne Legacy,(2012),6.7,61,279489
439,Pitch Perfect,(2012),7.2,66,269825
440,Snow White and the Huntsman,(2012),6.1,57,268293
441,The Hunt,(2012),8.3,77,267011
442,The Dictator,(2012),6.4,58,266387
443,Zero Dark Thirty,(2012),7.4,95,264902
444,John Carter,(2012),6.6,51,251069
445,Dredd,(2012),7.1,60,245227
446,Dark Shadows,(2012),6.2,55,241825
447,The Place Beyond the Pines,(2012),7.3,68,239753
448,Lincoln,(2012),7.3,86,239389
449,Chronicle,(2012),7.0,69,236574
450,Total Recall,(I) (2012),6.3,43,236460
451,Seven Psychopaths,(2012),7.2,66,235511
452,Battleship,(2012),5.8,41,232700
453,The Twilight Saga: Breaking Dawn - Part 2,(2012),5.5,52,225103
454,Lawless,(2012),7.3,58,223430
455,End of Watch,(2012),7.6,68,223305
456,Hotel Transylvania,(2012),7.1,47,217359
457,Sinister,(I) (2012),6.8,53,212336
458,Safe House,(2012),6.7,52,201045
459,American Reunion,(2012),6.7,49,199336
460,The Impossible,(2012),7.6,73,191041
461,Ice Age: Continental Drift,(2012),6.6,49,186676
462,The Dark Knight Rises,(2012),8.4,78,1472005
463,Django Unchained,(2012),8.4,81,1308963
464,The Avengers,(2012),8.0,69,1236985
465,The Hunger Games,(2012),7.2,68,827225
466,The Hobbit: An Unexpected Journey,(2012),7.8,58,743880
467,Silver Linings Playbook,(2012),7.7,81,648611
468,Skyfall,(2012),7.7,81,618105
469,Life of Pi,(2012),7.9,79,567618
470,Argo,(2012),7.7,86,560838
471,Ted,(2012),6.9,62,560110
472,Prometheus,(I) (2012),7.0,64,558427
473,The Amazing Spider-Man,(2012),6.9,66,548041
474,Looper,(2012),7.4,84,523961
475,21 Jump Street,(2012),7.2,69,500080
476,The Perks of Being a Wallflower,(2012),8.0,67,448776
477,Wreck-It Ralph,(2012),7.7,72,369515
478,Brave,(2012),7.1,69,362354
479,Cloud Atlas,(2012),7.4,55,338875
480,Men in Black 3,(2012),6.8,58,327980
481,Flight,(I) (2012),7.3,76,318153
482,Moonrise Kingdom,(2012),7.8,84,309730
483,Les Misérables,(2012),7.6,63,301155
484,Jack Reacher,(2012),7.0,50,300447
485,The Expendables 2,(2012),6.6,51,287436
486,Taken 2,(2012),6.3,45,284529
487,The Bourne Legacy,(2012),6.7,61,279489
488,Pitch Perfect,(2012),7.2,66,269825
489,Snow White and the Huntsman,(2012),6.1,57,268293
490,The Hunt,(2012),8.3,77,267011
491,The Dictator,(2012),6.4,58,266387
492,Zero Dark Thirty,(2012),7.4,95,264902
493,John Carter,(2012),6.6,51,251069
494,Dredd,(2012),7.1,60,245227
495,Dark Shadows,(2012),6.2,55,241825
496,The Place Beyond the Pines,(2012),7.3,68,239753
497,Lincoln,(2012),7.3,86,239389
498,Chronicle,(2012),7.0,69,236574
499,Total Recall,(I) (2012),6.3,43,236460
500,Seven Psychopaths,(2012),7.2,66,235511
501,Battleship,(2012),5.8,41,232700
502,The Twilight Saga: Breaking Dawn - Part 2,(2012),5.5,52,225103
503,Lawless,(2012),7.3,58,223430
504,End of Watch,(2012),7.6,68,223305
505,Hotel Transylvania,(2012),7.1,47,217359
506,Sinister,(I) (2012),6.8,53,212336
507,Safe House,(2012),6.7,52,201045
508,American Reunion,(2012),6.7,49,199336
509,The Impossible,(2012),7.6,73,191041
510,Ice Age: Continental Drift,(2012),6.6,49,186676
511,The Dark Knight Rises,(2012),8.4,78,1472005
512,Django Unchained,(2012),8.4,81,1308963
513,The Avengers,(2012),8.0,69,1236985
514,The Hunger Games,(2012),7.2,68,827225
515,The Hobbit: An Unexpected Journey,(2012),7.8,58,743880
516,Silver Linings Playbook,(2012),7.7,81,648611
517,Skyfall,(2012),7.7,81,618105
518,Life of Pi,(2012),7.9,79,567618
519,Argo,(2012),7.7,86,560838
520,Ted,(2012),6.9,62,560110
521,Prometheus,(I) (2012),7.0,64,558427
522,The Amazing Spider-Man,(2012),6.9,66,548041
523,Looper,(2012),7.4,84,523961
524,21 Jump Street,(2012),7.2,69,500080
525,The Perks of Being a Wallflower,(2012),8.0,67,448776
526,Wreck-It Ralph,(2012),7.7,72,369515
527,Brave,(2012),7.1,69,362354
528,Cloud Atlas,(2012),7.4,55,338875
529,Men in Black 3,(2012),6.8,58,327980
530,Flight,(I) (2012),7.3,76,318153
531,Moonrise Kingdom,(2012),7.8,84,309730
532,Les Misérables,(2012),7.6,63,301155
533,Jack Reacher,(2012),7.0,50,300447
534,The Expendables 2,(2012),6.6,51,287436
535,Taken 2,(2012),6.3,45,284529
536,The Bourne Legacy,(2012),6.7,61,279489
537,Pitch Perfect,(2012),7.2,66,269825
538,Snow White and the Huntsman,(2012),6.1,57,268293
539,The Hunt,(2012),8.3,77,267011
540,The Dictator,(2012),6.4,58,266387
541,Zero Dark Thirty,(2012),7.4,95,264902
542,John Carter,(2012),6.6,51,251069
543,Dredd,(2012),7.1,60,245227
544,Dark Shadows,(2012),6.2,55,241825
545,The Place Beyond the Pines,(2012),7.3,68,239753
546,Lincoln,(2012),7.3,86,239389
547,Chronicle,(2012),7.0,69,236574
548,Total Recall,(I) (2012),6.3,43,236460
549,Seven Psychopaths,(2012),7.2,66,235511
550,Battleship,(2012),5.8,41,232700
551,The Twilight Saga: Breaking Dawn - Part 2,(2012),5.5,52,225103
552,Lawless,(2012),7.3,58,223430
553,End of Watch,(2012),7.6,68,223305
554,Hotel Transylvania,(2012),7.1,47,217359
555,Sinister,(I) (2012),6.8,53,212336
556,Safe House,(2012),6.7,52,201045
557,American Reunion,(2012),6.7,49,199336
558,The Impossible,(2012),7.6,73,191041
559,Ice Age: Continental Drift,(2012),6.6,49,186676
560,The Wolf of Wall Street,(2013),8.2,75,1130746
561,Gravity,(2013),7.7,96,752055
562,Iron Man 3,(2013),7.2,62,736347
563,Man of Steel,(2013),7.0,55,675732
564,12 Years a Slave,(2013),8.1,96,620627
565,The Hunger Games: Catching Fire,(2013),7.5,76,600663
566,The Hobbit: The Desolation of Smaug,(2013),7.8,66,588776
567,World War Z,(2013),7.0,63,587411
568,Now You See Me,(I) (2013),7.3,50,582282
569,Thor: The Dark World,(2013),6.9,54,579109
570,Prisoners,(2013),8.1,70,576138
571,Frozen,(I) (2013),7.4,75,557962
572,Her,(2013),8.0,90,519338
573,Oblivion,(I) (2013),7.0,54,474927
574,The Great Gatsby,(2013),7.2,55,463520
575,Pacific Rim,(2013),6.9,65,458441
576,Star Trek Into Darkness,(2013),7.7,72,457355
577,American Hustle,(2013),7.2,90,438563
578,The Conjuring,(2013),7.5,68,427666
579,Dallas Buyers Club,(2013),8.0,80,427581
580,The Wolverine,(2013),6.7,61,420625
581,Rush,(I) (2013),8.1,74,420130
582,Elysium,(I) (2013),6.6,61,412270
583,Captain Phillips,(2013),7.8,82,409720
584,We're the Millers,(2013),7.0,44,392865
585,This Is the End,(2013),6.6,67,376788
586,Fast & Furious 6,(2013),7.1,61,361818
587,Despicable Me 2,(2013),7.3,62,361755
588,Monsters University,(2013),7.3,65,312279
589,Snowpiercer,(2013),7.1,84,301990
590,About Time,(I) (2013),7.8,55,287739
591,The Secret Life of Walter Mitty,(2013),7.3,54,287265
592,The Hangover Part III,(2013),5.8,30,286811
593,Lone Survivor,(2013),7.5,60,260313
594,The World's End,(2013),7.0,81,251927
595,Olympus Has Fallen,(2013),6.5,41,251641
596,Kick-Ass 2,(2013),6.5,41,249985
597,Don Jon,(2013),6.5,66,225071
598,Escape Plan,(2013),6.7,49,222694
599,Ender's Game,(2013),6.6,51,219543
600,The Lone Ranger,(2013),6.4,37,217268
601,Warm Bodies,(2013),6.9,60,215812
602,Gangster Squad,(2013),6.7,40,203141
603,White House Down,(2013),6.4,52,202129
604,The Wolf of Wall Street,(2013),8.2,75,1130746
605,Gravity,(2013),7.7,96,752055
606,Iron Man 3,(2013),7.2,62,736347
607,Man of Steel,(2013),7.0,55,675732
608,12 Years a Slave,(2013),8.1,96,620627
609,The Hunger Games: Catching Fire,(2013),7.5,76,600663
610,The Hobbit: The Desolation of Smaug,(2013),7.8,66,588776
611,World War Z,(2013),7.0,63,587411
612,Now You See Me,(I) (2013),7.3,50,582282
613,Thor: The Dark World,(2013),6.9,54,579109
614,Prisoners,(2013),8.1,70,576138
615,Frozen,(I) (2013),7.4,75,557962
616,Her,(2013),8.0,90,519338
617,Oblivion,(I) (2013),7.0,54,474927
618,The Great Gatsby,(2013),7.2,55,463520
619,Pacific Rim,(2013),6.9,65,458441
620,Star Trek Into Darkness,(2013),7.7,72,457355
621,American Hustle,(2013),7.2,90,438563
622,The Conjuring,(2013),7.5,68,427666
623,Dallas Buyers Club,(2013),8.0,80,427581
624,The Wolverine,(2013),6.7,61,420625
625,Rush,(I) (2013),8.1,74,420130
626,Elysium,(I) (2013),6.6,61,412270
627,Captain Phillips,(2013),7.8,82,409720
628,We're the Millers,(2013),7.0,44,392865
629,This Is the End,(2013),6.6,67,376788
630,Fast & Furious 6,(2013),7.1,61,361818
631,Despicable Me 2,(2013),7.3,62,361755
632,Monsters University,(2013),7.3,65,312279
633,Snowpiercer,(2013),7.1,84,301990
634,About Time,(I) (2013),7.8,55,287739
635,The Secret Life of Walter Mitty,(2013),7.3,54,287265
636,The Hangover Part III,(2013),5.8,30,286811
637,Lone Survivor,(2013),7.5,60,260313
638,The World's End,(2013),7.0,81,251927
639,Olympus Has Fallen,(2013),6.5,41,251641
640,Kick-Ass 2,(2013),6.5,41,249985
641,Don Jon,(2013),6.5,66,225071
642,Escape Plan,(2013),6.7,49,222694
643,Ender's Game,(2013),6.6,51,219543
644,The Lone Ranger,(2013),6.4,37,217268
645,Warm Bodies,(2013),6.9,60,215812
646,Gangster Squad,(2013),6.7,40,203141
647,White House Down,(2013),6.4,52,202129
648,The Wolf of Wall Street,(2013),8.2,75,1130746
649,Gravity,(2013),7.7,96,752055
650,Iron Man 3,(2013),7.2,62,736347
651,Man of Steel,(2013),7.0,55,675732
652,12 Years a Slave,(2013),8.1,96,620627
653,The Hunger Games: Catching Fire,(2013),7.5,76,600663
654,The Hobbit: The Desolation of Smaug,(2013),7.8,66,588776
655,World War Z,(2013),7.0,63,587411
656,Now You See Me,(I) (2013),7.3,50,582282
657,Thor: The Dark World,(2013),6.9,54,579109
658,Prisoners,(2013),8.1,70,576138
659,Frozen,(I) (2013),7.4,75,557962
660,Her,(2013),8.0,90,519338
661,Oblivion,(I) (2013),7.0,54,474927
662,The Great Gatsby,(2013),7.2,55,463520
663,Pacific Rim,(2013),6.9,65,458441
664,Star Trek Into Darkness,(2013),7.7,72,457355
665,American Hustle,(2013),7.2,90,438563
666,The Conjuring,(2013),7.5,68,427666
667,Dallas Buyers Club,(2013),8.0,80,427581
668,The Wolverine,(2013),6.7,61,420625
669,Rush,(I) (2013),8.1,74,420130
670,Elysium,(I) (2013),6.6,61,412270
671,Captain Phillips,(2013),7.8,82,409720
672,We're the Millers,(2013),7.0,44,392865
673,This Is the End,(2013),6.6,67,376788
674,Fast & Furious 6,(2013),7.1,61,361818
675,Despicable Me 2,(2013),7.3,62,361755
676,Monsters University,(2013),7.3,65,312279
677,Snowpiercer,(2013),7.1,84,301990
678,About Time,(I) (2013),7.8,55,287739
679,The Secret Life of Walter Mitty,(2013),7.3,54,287265
680,The Hangover Part III,(2013),5.8,30,286811
681,Lone Survivor,(2013),7.5,60,260313
682,The World's End,(2013),7.0,81,251927
683,Olympus Has Fallen,(2013),6.5,41,251641
684,Kick-Ass 2,(2013),6.5,41,249985
685,Don Jon,(2013),6.5,66,225071
686,Escape Plan,(2013),6.7,49,222694
687,Ender's Game,(2013),6.6,51,219543
688,The Lone Ranger,(2013),6.4,37,217268
689,Warm Bodies,(2013),6.9,60,215812
690,Gangster Squad,(2013),6.7,40,203141
691,White House Down,(2013),6.4,52,202129
692,The Wolf of Wall Street,(2013),8.2,75,1130746
693,Gravity,(2013),7.7,96,752055
694,Iron Man 3,(2013),7.2,62,736347
695,Man of Steel,(2013),7.0,55,675732
696,12 Years a Slave,(2013),8.1,96,620627
697,The Hunger Games: Catching Fire,(2013),7.5,76,600663
698,The Hobbit: The Desolation of Smaug,(2013),7.8,66,588776
699,World War Z,(2013),7.0,63,587411
700,Now You See Me,(I) (2013),7.3,50,582282
701,Thor: The Dark World,(2013),6.9,54,579109
702,Prisoners,(2013),8.1,70,576138
703,Frozen,(I) (2013),7.4,75,557962
704,Her,(2013),8.0,90,519338
705,Oblivion,(I) (2013),7.0,54,474927
706,The Great Gatsby,(2013),7.2,55,463520
707,Pacific Rim,(2013),6.9,65,458441
708,Star Trek Into Darkness,(2013),7.7,72,457355
709,American Hustle,(2013),7.2,90,438563
710,The Conjuring,(2013),7.5,68,427666
711,Dallas Buyers Club,(2013),8.0,80,427581
712,The Wolverine,(2013),6.7,61,420625
713,Rush,(I) (2013),8.1,74,420130
714,Elysium,(I) (2013),6.6,61,412270
715,Captain Phillips,(2013),7.8,82,409720
716,We're the Millers,(2013),7.0,44,392865
717,This Is the End,(2013),6.6,67,376788
718,Fast & Furious 6,(2013),7.1,61,361818
719,Despicable Me 2,(2013),7.3,62,361755
720,Monsters University,(2013),7.3,65,312279
721,Snowpiercer,(2013),7.1,84,301990
722,About Time,(I) (2013),7.8,55,287739
723,The Secret Life of Walter Mitty,(2013),7.3,54,287265
724,The Hangover Part III,(2013),5.8,30,286811
725,Lone Survivor,(2013),7.5,60,260313
726,The World's End,(2013),7.0,81,251927
727,Olympus Has Fallen,(2013),6.5,41,251641
728,Kick-Ass 2,(2013),6.5,41,249985
729,Don Jon,(2013),6.5,66,225071
730,Escape Plan,(2013),6.7,49,222694
731,Ender's Game,(2013),6.6,51,219543
732,The Lone Ranger,(2013),6.4,37,217268
733,Warm Bodies,(2013),6.9,60,215812
734,Gangster Squad,(2013),6.7,40,203141
735,White House Down,(2013),6.4,52,202129
736,Interstellar,(2014),8.6,74,1433534
737,Guardians of the Galaxy,(2014),8.0,76,1018430
738,Gone Girl,(2014),8.1,79,826742
739,Captain America: The Winter Soldier,(2014),7.7,70,715319
740,Whiplash,(2014),8.5,88,684506
741,The Grand Budapest Hotel,(2014),8.1,88,682929
742,The Imitation Game,(2014),8.0,73,663247
743,X-Men: Days of Future Past,(2014),8.0,75,647804
744,Edge of Tomorrow,(2014),7.9,71,582754
745,Kingsman: The Secret Service,(2014),7.7,60,576533
746,Birdman or (The Unexpected Virtue of Ignorance),(2014),7.7,87,562618
747,John Wick,(2014),7.4,68,515517
748,The Hobbit: The Battle of the Five Armies,(2014),7.4,59,462083
749,Ex Machina,(2014),7.7,78,458989
750,Nightcrawler,(2014),7.9,76,444517
751,Lucy,(I) (2014),6.4,61,431267
752,American Sniper,(2014),7.3,72,426938
753,Divergent,(2014),6.7,48,416719
754,Fury,(2014),7.6,64,412603
755,The Amazing Spider-Man 2,(2014),6.6,53,407637
756,The Maze Runner,(2014),6.8,57,406938
757,Dawn of the Planet of the Apes,(2014),7.6,79,405231
758,The Hunger Games: Mockingjay - Part 1,(2014),6.6,64,402269
759,Big Hero 6,(2014),7.8,74,398596
760,The Theory of Everything,(2014),7.7,72,387941
761,Godzilla,(2014),6.4,62,368547
762,22 Jump Street,(2014),7.0,71,337572
763,Maleficent,(2014),7.0,56,334889
764,The Fault in Our Stars,(2014),7.7,69,334611
765,Boyhood,(I) (2014),7.9,100,329370
766,The Equalizer,(2014),7.2,57,322933
767,The Lego Movie,(2014),7.7,83,318119
768,The Interview,(II) (2014),6.5,52,300306
769,How to Train Your Dragon 2,(2014),7.8,76,296878
770,Transformers: Age of Extinction,(2014),5.6,32,293748
771,Neighbors,(I) (2014),6.3,68,279502
772,300: Rise of an Empire,(2014),6.2,48,275514
773,Non-Stop,(2014),6.9,56,245573
774,Predestination,(I) (2014),7.5,69,243858
775,Noah,(2014),5.7,68,239055
776,RoboCop,(2014),6.1,52,213009
777,Transcendence,(I) (2014),6.3,42,212868
778,It Follows,(2014),6.8,83,201398
779,Teenage Mutant Ninja Turtles,(2014),5.8,31,197955
780,Chef,(2014),7.3,68,188917
781,Interstellar,(2014),8.6,74,1433534
782,Guardians of the Galaxy,(2014),8.0,76,1018430
783,Gone Girl,(2014),8.1,79,826742
784,Captain America: The Winter Soldier,(2014),7.7,70,715319
785,Whiplash,(2014),8.5,88,684506
786,The Grand Budapest Hotel,(2014),8.1,88,682929
787,The Imitation Game,(2014),8.0,73,663247
788,X-Men: Days of Future Past,(2014),8.0,75,647804
789,Edge of Tomorrow,(2014),7.9,71,582754
790,Kingsman: The Secret Service,(2014),7.7,60,576533
791,Birdman or (The Unexpected Virtue of Ignorance),(2014),7.7,87,562618
792,John Wick,(2014),7.4,68,515517
793,The Hobbit: The Battle of the Five Armies,(2014),7.4,59,462083
794,Ex Machina,(2014),7.7,78,458989
795,Nightcrawler,(2014),7.9,76,444517
796,Lucy,(I) (2014),6.4,61,431267
797,American Sniper,(2014),7.3,72,426938
798,Divergent,(2014),6.7,48,416719
799,Fury,(2014),7.6,64,412603
800,The Amazing Spider-Man 2,(2014),6.6,53,407637
801,The Maze Runner,(2014),6.8,57,406938
802,Dawn of the Planet of the Apes,(2014),7.6,79,405231
803,The Hunger Games: Mockingjay - Part 1,(2014),6.6,64,402269
804,Big Hero 6,(2014),7.8,74,398596
805,The Theory of Everything,(2014),7.7,72,387941
806,Godzilla,(2014),6.4,62,368547
807,22 Jump Street,(2014),7.0,71,337572
808,Maleficent,(2014),7.0,56,334889
809,The Fault in Our Stars,(2014),7.7,69,334611
810,Boyhood,(I) (2014),7.9,100,329370
811,The Equalizer,(2014),7.2,57,322933
812,The Lego Movie,(2014),7.7,83,318119
813,The Interview,(II) (2014),6.5,52,300306
814,How to Train Your Dragon 2,(2014),7.8,76,296878
815,Transformers: Age of Extinction,(2014),5.6,32,293748
816,Neighbors,(I) (2014),6.3,68,279502
817,300: Rise of an Empire,(2014),6.2,48,275514
818,Non-Stop,(2014),6.9,56,245573
819,Predestination,(I) (2014),7.5,69,243858
820,Noah,(2014),5.7,68,239055
821,RoboCop,(2014),6.1,52,213009
822,Transcendence,(I) (2014),6.3,42,212868
823,It Follows,(2014),6.8,83,201398
824,Teenage Mutant Ninja Turtles,(2014),5.8,31,197955
825,Chef,(2014),7.3,68,188917
826,Interstellar,(2014),8.6,74,1433534
827,Guardians of the Galaxy,(2014),8.0,76,1018430
828,Gone Girl,(2014),8.1,79,826742
829,Captain America: The Winter Soldier,(2014),7.7,70,715319
830,Whiplash,(2014),8.5,88,684506
831,The Grand Budapest Hotel,(2014),8.1,88,682929
832,The Imitation Game,(2014),8.0,73,663247
833,X-Men: Days of Future Past,(2014),8.0,75,647804
834,Edge of Tomorrow,(2014),7.9,71,582754
835,Kingsman: The Secret Service,(2014),7.7,60,576533
836,Birdman or (The Unexpected Virtue of Ignorance),(2014),7.7,87,562618
837,John Wick,(2014),7.4,68,515517
838,The Hobbit: The Battle of the Five Armies,(2014),7.4,59,462083
839,Ex Machina,(2014),7.7,78,458989
840,Nightcrawler,(2014),7.9,76,444517
841,Lucy,(I) (2014),6.4,61,431267
842,American Sniper,(2014),7.3,72,426938
843,Divergent,(2014),6.7,48,416719
844,Fury,(2014),7.6,64,412603
845,The Amazing Spider-Man 2,(2014),6.6,53,407637
846,The Maze Runner,(2014),6.8,57,406938
847,Dawn of the Planet of the Apes,(2014),7.6,79,405231
848,The Hunger Games: Mockingjay - Part 1,(2014),6.6,64,402269
849,Big Hero 6,(2014),7.8,74,398596
850,The Theory of Everything,(2014),7.7,72,387941
851,Godzilla,(2014),6.4,62,368547
852,22 Jump Street,(2014),7.0,71,337572
853,Maleficent,(2014),7.0,56,334889
854,The Fault in Our Stars,(2014),7.7,69,334611
855,Boyhood,(I) (2014),7.9,100,329370
856,The Equalizer,(2014),7.2,57,322933
857,The Lego Movie,(2014),7.7,83,318119
858,The Interview,(II) (2014),6.5,52,300306
859,How to Train Your Dragon 2,(2014),7.8,76,296878
860,Transformers: Age of Extinction,(2014),5.6,32,293748
861,Neighbors,(I) (2014),6.3,68,279502
862,300: Rise of an Empire,(2014),6.2,48,275514
863,Non-Stop,(2014),6.9,56,245573
864,Predestination,(I) (2014),7.5,69,243858
865,Noah,(2014),5.7,68,239055
866,RoboCop,(2014),6.1,52,213009
867,Transcendence,(I) (2014),6.3,42,212868
868,It Follows,(2014),6.8,83,201398
869,Teenage Mutant Ninja Turtles,(2014),5.8,31,197955
870,Chef,(2014),7.3,68,188917
871,Interstellar,(2014),8.6,74,1433534
872,Guardians of the Galaxy,(2014),8.0,76,1018430
873,Gone Girl,(2014),8.1,79,826742
874,Captain America: The Winter Soldier,(2014),7.7,70,715319
875,Whiplash,(2014),8.5,88,684506
876,The Grand Budapest Hotel,(2014),8.1,88,682929
877,The Imitation Game,(2014),8.0,73,663247
878,X-Men: Days of Future Past,(2014),8.0,75,647804
879,Edge of Tomorrow,(2014),7.9,71,582754
880,Kingsman: The Secret Service,(2014),7.7,60,576533
881,Birdman or (The Unexpected Virtue of Ignorance),(2014),7.7,87,562618
882,John Wick,(2014),7.4,68,515517
883,The Hobbit: The Battle of the Five Armies,(2014),7.4,59,462083
884,Ex Machina,(2014),7.7,78,458989
885,Nightcrawler,(2014),7.9,76,444517
886,Lucy,(I) (2014),6.4,61,431267
887,American Sniper,(2014),7.3,72,426938
888,Divergent,(2014),6.7,48,416719
889,Fury,(2014),7.6,64,412603
890,The Amazing Spider-Man 2,(2014),6.6,53,407637
891,The Maze Runner,(2014),6.8,57,406938
892,Dawn of the Planet of the Apes,(2014),7.6,79,405231
893,The Hunger Games: Mockingjay - Part 1,(2014),6.6,64,402269
894,Big Hero 6,(2014),7.8,74,398596
895,The Theory of Everything,(2014),7.7,72,387941
896,Godzilla,(2014),6.4,62,368547
897,22 Jump Street,(2014),7.0,71,337572
898,Maleficent,(2014),7.0,56,334889
899,The Fault in Our Stars,(2014),7.7,69,334611
900,Boyhood,(I) (2014),7.9,100,329370
901,The Equalizer,(2014),7.2,57,322933
902,The Lego Movie,(2014),7.7,83,318119
903,The Interview,(II) (2014),6.5,52,300306
904,How to Train Your Dragon 2,(2014),7.8,76,296878
905,Transformers: Age of Extinction,(2014),5.6,32,293748
906,Neighbors,(I) (2014),6.3,68,279502
907,300: Rise of an Empire,(2014),6.2,48,275514
908,Non-Stop,(2014),6.9,56,245573
909,Predestination,(I) (2014),7.5,69,243858
910,Noah,(2014),5.7,68,239055
911,RoboCop,(2014),6.1,52,213009
912,Transcendence,(I) (2014),6.3,42,212868
913,It Follows,(2014),6.8,83,201398
914,Teenage Mutant Ninja Turtles,(2014),5.8,31,197955
915,Chef,(2014),7.3,68,188917
916,Mad Max: Fury Road,(2015),8.1,90,849531
917,Star Wars: Episode VII - The Force Awakens,(2015),7.9,80,841976
918,The Martian,(2015),8.0,80,735979
919,Avengers: Age of Ultron,(2015),7.3,66,718450
920,The Revenant,(2015),8.0,76,679910
921,Inside Out,(I) (2015),8.1,94,587964
922,Jurassic World,(2015),7.0,59,566830
923,Ant-Man,(2015),7.3,64,549901
924,The Hateful Eight,(2015),7.8,68,494782
925,Spotlight,(I) (2015),8.1,93,402702
926,Spectre,(I) (2015),6.8,60,374465
927,Sicario,(2015),7.6,82,357593
928,Room,(I) (2015),8.1,86,353519
929,Furious 7,(2015),7.1,67,351981
930,The Big Short,(2015),7.8,81,345432
931,Mission: Impossible - Rogue Nation,(2015),7.4,75,332590
932,Fifty Shades of Grey,(2015),4.1,46,292080
933,Bridge of Spies,(2015),7.6,81,279498
934,The Hunger Games: Mockingjay - Part 2,(2015),6.5,65,275274
935,The Man from U.N.C.L.E.,(2015),7.3,56,260265
936,Terminator Genisys,(2015),6.3,38,253429
937,Creed,(II) (2015),7.6,82,240506
938,Chappie,(2015),6.8,41,224957
939,Spy,(2015),7.0,75,224898
940,Maze Runner: The Scorch Trials,(2015),6.3,43,214841
941,Southpaw,(2015),7.4,57,212030
942,The Divergent Series: Insurgent,(2015),6.2,42,211757
943,Focus,(II) (2015),6.6,56,210733
944,The Intern,(I) (2015),7.1,51,210686
945,The Lobster,(2015),7.2,82,207888
946,Minions,(2015),6.4,56,206704
947,San Andreas,(2015),6.0,43,206153
948,Everest,(2015),7.1,64,191877
949,The Witch,(2015),6.9,83,186434
950,Ted 2,(2015),6.3,48,179145
951,Straight Outta Compton,(2015),7.8,72,175221
952,Jupiter Ascending,(2015),5.3,40,174890
953,Tomorrowland,(2015),6.4,60,168902
954,Black Mass,(2015),6.9,68,163893
955,The Danish Girl,(2015),7.1,66,158547
956,Cinderella,(I) (2015),6.9,67,154554
957,Legend,(I) (2015),6.9,55,152480
958,The Age of Adaline,(2015),7.2,51,149661
959,Steve Jobs,(2015),7.2,82,149360
960,Fantastic Four,(2015),4.3,27,148232
961,Mad Max: Fury Road,(2015),8.1,90,849531
962,Star Wars: Episode VII - The Force Awakens,(2015),7.9,80,841976
963,The Martian,(2015),8.0,80,735979
964,Avengers: Age of Ultron,(2015),7.3,66,718450
965,The Revenant,(2015),8.0,76,679910
966,Inside Out,(I) (2015),8.1,94,587964
967,Jurassic World,(2015),7.0,59,566830
968,Ant-Man,(2015),7.3,64,549901
969,The Hateful Eight,(2015),7.8,68,494782
970,Spotlight,(I) (2015),8.1,93,402702
971,Spectre,(I) (2015),6.8,60,374465
972,Sicario,(2015),7.6,82,357593
973,Room,(I) (2015),8.1,86,353519
974,Furious 7,(2015),7.1,67,351981
975,The Big Short,(2015),7.8,81,345432
976,Mission: Impossible - Rogue Nation,(2015),7.4,75,332590
977,Fifty Shades of Grey,(2015),4.1,46,292080
978,Bridge of Spies,(2015),7.6,81,279498
979,The Hunger Games: Mockingjay - Part 2,(2015),6.5,65,275274
980,The Man from U.N.C.L.E.,(2015),7.3,56,260265
981,Terminator Genisys,(2015),6.3,38,253429
982,Creed,(II) (2015),7.6,82,240506
983,Chappie,(2015),6.8,41,224957
984,Spy,(2015),7.0,75,224898
985,Maze Runner: The Scorch Trials,(2015),6.3,43,214841
986,Southpaw,(2015),7.4,57,212030
987,The Divergent Series: Insurgent,(2015),6.2,42,211757
988,Focus,(II) (2015),6.6,56,210733
989,The Intern,(I) (2015),7.1,51,210686
990,The Lobster,(2015),7.2,82,207888
991,Minions,(2015),6.4,56,206704
992,San Andreas,(2015),6.0,43,206153
993,Everest,(2015),7.1,64,191877
994,The Witch,(2015),6.9,83,186434
995,Ted 2,(2015),6.3,48,179145
996,Straight Outta Compton,(2015),7.8,72,175221
997,Jupiter Ascending,(2015),5.3,40,174890
998,Tomorrowland,(2015),6.4,60,168902
999,Black Mass,(2015),6.9,68,163893
1000,The Danish Girl,(2015),7.1,66,158547
1001,Cinderella,(I) (2015),6.9,67,154554
1002,Legend,(I) (2015),6.9,55,152480
1003,The Age of Adaline,(2015),7.2,51,149661
1004,Steve Jobs,(2015),7.2,82,149360
1005,Fantastic Four,(2015),4.3,27,148232
1006,Mad Max: Fury Road,(2015),8.1,90,849531
1007,Star Wars: Episode VII - The Force Awakens,(2015),7.9,80,841976
1008,The Martian,(2015),8.0,80,735979
1009,Avengers: Age of Ultron,(2015),7.3,66,718450
1010,The Revenant,(2015),8.0,76,679910
1011,Inside Out,(I) (2015),8.1,94,587964
1012,Jurassic World,(2015),7.0,59,566830
1013,Ant-Man,(2015),7.3,64,549901
1014,The Hateful Eight,(2015),7.8,68,494782
1015,Spotlight,(I) (2015),8.1,93,402702
1016,Spectre,(I) (2015),6.8,60,374465
1017,Sicario,(2015),7.6,82,357593
1018,Room,(I) (2015),8.1,86,353519
1019,Furious 7,(2015),7.1,67,351981
1020,The Big Short,(2015),7.8,81,345432
1021,Mission: Impossible - Rogue Nation,(2015),7.4,75,332590
1022,Fifty Shades of Grey,(2015),4.1,46,292080
1023,Bridge of Spies,(2015),7.6,81,279498
1024,The Hunger Games: Mockingjay - Part 2,(2015),6.5,65,275274
1025,The Man from U.N.C.L.E.,(2015),7.3,56,260265
1026,Terminator Genisys,(2015),6.3,38,253429
1027,Creed,(II) (2015),7.6,82,240506
1028,Chappie,(2015),6.8,41,224957
1029,Spy,(2015),7.0,75,224898
1030,Maze Runner: The Scorch Trials,(2015),6.3,43,214841
1031,Southpaw,(2015),7.4,57,212030
1032,The Divergent Series: Insurgent,(2015),6.2,42,211757
1033,Focus,(II) (2015),6.6,56,210733
1034,The Intern,(I) (2015),7.1,51,210686
1035,The Lobster,(2015),7.2,82,207888
1036,Minions,(2015),6.4,56,206704
1037,San Andreas,(2015),6.0,43,206153
1038,Everest,(2015),7.1,64,191877
1039,The Witch,(2015),6.9,83,186434
1040,Ted 2,(2015),6.3,48,179145
1041,Straight Outta Compton,(2015),7.8,72,175221
1042,Jupiter Ascending,(2015),5.3,40,174890
1043,Tomorrowland,(2015),6.4,60,168902
1044,Black Mass,(2015),6.9,68,163893
1045,The Danish Girl,(2015),7.1,66,158547
1046,Cinderella,(I) (2015),6.9,67,154554
1047,Legend,(I) (2015),6.9,55,152480
1048,The Age of Adaline,(2015),7.2,51,149661
1049,Steve Jobs,(2015),7.2,82,149360
1050,Fantastic Four,(2015),4.3,27,148232
1051,Mad Max: Fury Road,(2015),8.1,90,849531
1052,Star Wars: Episode VII - The Force Awakens,(2015),7.9,80,841976
1053,The Martian,(2015),8.0,80,735979
1054,Avengers: Age of Ultron,(2015),7.3,66,718450
1055,The Revenant,(2015),8.0,76,679910
1056,Inside Out,(I) (2015),8.1,94,587964
1057,Jurassic World,(2015),7.0,59,566830
1058,Ant-Man,(2015),7.3,64,549901
1059,The Hateful Eight,(2015),7.8,68,494782
1060,Spotlight,(I) (2015),8.1,93,402702
1061,Spectre,(I) (2015),6.8,60,374465
1062,Sicario,(2015),7.6,82,357593
1063,Room,(I) (2015),8.1,86,353519
1064,Furious 7,(2015),7.1,67,351981
1065,The Big Short,(2015),7.8,81,345432
1066,Mission: Impossible - Rogue Nation,(2015),7.4,75,332590
1067,Fifty Shades of Grey,(2015),4.1,46,292080
1068,Bridge of Spies,(2015),7.6,81,279498
1069,The Hunger Games: Mockingjay - Part 2,(2015),6.5,65,275274
1070,The Man from U.N.C.L.E.,(2015),7.3,56,260265
1071,Terminator Genisys,(2015),6.3,38,253429
1072,Creed,(II) (2015),7.6,82,240506
1073,Chappie,(2015),6.8,41,224957
1074,Spy,(2015),7.0,75,224898
1075,Maze Runner: The Scorch Trials,(2015),6.3,43,214841
1076,Southpaw,(2015),7.4,57,212030
1077,The Divergent Series: Insurgent,(2015),6.2,42,211757
1078,Focus,(II) (2015),6.6,56,210733
1079,The Intern,(I) (2015),7.1,51,210686
1080,The Lobster,(2015),7.2,82,207888
1081,Minions,(2015),6.4,56,206704
1082,San Andreas,(2015),6.0,43,206153
1083,Everest,(2015),7.1,64,191877
1084,The Witch,(2015),6.9,83,186434
1085,Ted 2,(2015),6.3,48,179145
1086,Straight Outta Compton,(2015),7.8,72,175221
1087,Jupiter Ascending,(2015),5.3,40,174890
1088,Tomorrowland,(2015),6.4,60,168902
1089,Black Mass,(2015),6.9,68,163893
1090,The Danish Girl,(2015),7.1,66,158547
1091,Cinderella,(I) (2015),6.9,67,154554
1092,Legend,(I) (2015),6.9,55,152480
1093,The Age of Adaline,(2015),7.2,51,149661
1094,Steve Jobs,(2015),7.2,82,149360
1095,Fantastic Four,(2015),4.3,27,148232
1096,Deadpool,(2016),8.0,65,877108
1097,Captain America: Civil War,(2016),7.8,75,639744
1098,Batman v Superman: Dawn of Justice,(2016),6.4,44,608822
1099,Suicide Squad,(2016),6.0,40,582659
1100,Doctor Strange,(2016),7.5,72,574161
1101,Arrival,(II) (2016),7.9,81,570780
1102,Rogue One: A Star Wars Story,(2016),7.8,65,535211
1103,La La Land,(2016),8.0,94,483880
1104,Zootopia,(2016),8.0,78,417932
1105,Hacksaw Ridge,(2016),8.1,71,413934
1106,Split,(IX) (2016),7.3,62,405200
1107,Fantastic Beasts and Where to Find Them,(2016),7.3,66,395881
1108,X-Men: Apocalypse,(2016),6.9,52,382273
1109,Passengers,(I) (2016),7.0,41,337852
1110,10 Cloverfield Lane,(2016),7.2,76,281364
1111,The Nice Guys,(2016),7.4,70,267240
1112,Moonlight,(I) (2016),7.4,99,260750
1113,Moana,(I) (2016),7.6,81,257338
1114,The Jungle Book,(2016),7.4,77,253854
1115,The Accountant,(2016),7.3,51,251806
1116,Now You See Me 2,(2016),6.5,46,238780
1117,Warcraft,(2016),6.8,32,237216
1118,Manchester by the Sea,(2016),7.8,96,236444
1119,Finding Dory,(2016),7.3,77,231855
1120,Sully,(2016),7.4,74,227409
1121,Nocturnal Animals,(2016),7.5,67,227306
1122,Star Trek Beyond,(2016),7.1,68,221899
1123,The Conjuring 2,(2016),7.3,65,216243
1124,Don't Breathe,(2016),7.1,71,210251
1125,Lion,(2016),8.0,69,204740
1126,Jason Bourne,(I) (2016),6.6,58,202745
1127,Ghostbusters,(2016),5.2,60,198858
1128,Me Before You,(2016),7.4,51,197884
1129,Hell or High Water,(II) (2016),7.6,88,196234
1130,Hidden Figures,(2016),7.8,74,191554
1131,Assassin's Creed,(2016),5.7,36,180348
1132,Captain Fantastic,(2016),7.9,72,180221
1133,The Magnificent Seven,(2016),6.9,54,180103
1134,The Secret Life of Pets,(2016),6.5,61,178269
1135,Your Name.,(2016),8.4,79,174128
1136,Sausage Party,(2016),6.1,66,170858
1137,War Dogs,(2016),7.1,57,170663
1138,The Promise,(II) (2016),6.0,49,166733
1139,The Girl on the Train,(2016),6.5,48,163848
1140,Independence Day: Resurgence,(2016),5.2,32,163140
1141,The Legend of Tarzan,(2016),6.2,44,159738
1142,Deadpool,(2016),8.0,65,877108
1143,Captain America: Civil War,(2016),7.8,75,639744
1144,Batman v Superman: Dawn of Justice,(2016),6.4,44,608822
1145,Suicide Squad,(2016),6.0,40,582659
1146,Doctor Strange,(2016),7.5,72,574161
1147,Arrival,(II) (2016),7.9,81,570780
1148,Rogue One: A Star Wars Story,(2016),7.8,65,535211
1149,La La Land,(2016),8.0,94,483880
1150,Zootopia,(2016),8.0,78,417932
1151,Hacksaw Ridge,(2016),8.1,71,413934
1152,Split,(IX) (2016),7.3,62,405200
1153,Fantastic Beasts and Where to Find Them,(2016),7.3,66,395881
1154,X-Men: Apocalypse,(2016),6.9,52,382273
1155,Passengers,(I) (2016),7.0,41,337852
1156,10 Cloverfield Lane,(2016),7.2,76,281364
1157,The Nice Guys,(2016),7.4,70,267240
1158,Moonlight,(I) (2016),7.4,99,260750
1159,Moana,(I) (2016),7.6,81,257338
1160,The Jungle Book,(2016),7.4,77,253854
1161,The Accountant,(2016),7.3,51,251806
1162,Now You See Me 2,(2016),6.5,46,238780
1163,Warcraft,(2016),6.8,32,237216
1164,Manchester by the Sea,(2016),7.8,96,236444
1165,Finding Dory,(2016),7.3,77,231855
1166,Sully,(2016),7.4,74,227409
1167,Nocturnal Animals,(2016),7.5,67,227306
1168,Star Trek Beyond,(2016),7.1,68,221899
1169,The Conjuring 2,(2016),7.3,65,216243
1170,Don't Breathe,(2016),7.1,71,210251
1171,Lion,(2016),8.0,69,204740
1172,Jason Bourne,(I) (2016),6.6,58,202745
1173,Ghostbusters,(2016),5.2,60,198858
1174,Me Before You,(2016),7.4,51,197884
1175,Hell or High Water,(II) (2016),7.6,88,196234
1176,Hidden Figures,(2016),7.8,74,191554
1177,Assassin's Creed,(2016),5.7,36,180348
1178,Captain Fantastic,(2016),7.9,72,180221
1179,The Magnificent Seven,(2016),6.9,54,180103
1180,The Secret Life of Pets,(2016),6.5,61,178269
1181,Your Name.,(2016),8.4,79,174128
1182,Sausage Party,(2016),6.1,66,170858
1183,War Dogs,(2016),7.1,57,170663
1184,The Promise,(II) (2016),6.0,49,166733
1185,The Girl on the Train,(2016),6.5,48,163848
1186,Independence Day: Resurgence,(2016),5.2,32,163140
1187,The Legend of Tarzan,(2016),6.2,44,159738
1188,Deadpool,(2016),8.0,65,877108
1189,Captain America: Civil War,(2016),7.8,75,639744
1190,Batman v Superman: Dawn of Justice,(2016),6.4,44,608822
1191,Suicide Squad,(2016),6.0,40,582659
1192,Doctor Strange,(2016),7.5,72,574161
1193,Arrival,(II) (2016),7.9,81,570780
1194,Rogue One: A Star Wars Story,(2016),7.8,65,535211
1195,La La Land,(2016),8.0,94,483880
1196,Zootopia,(2016),8.0,78,417932
1197,Hacksaw Ridge,(2016),8.1,71,413934
1198,Split,(IX) (2016),7.3,62,405200
1199,Fantastic Beasts and Where to Find Them,(2016),7.3,66,395881
1200,X-Men: Apocalypse,(2016),6.9,52,382273
1201,Passengers,(I) (2016),7.0,41,337852
1202,10 Cloverfield Lane,(2016),7.2,76,281364
1203,The Nice Guys,(2016),7.4,70,267240
1204,Moonlight,(I) (2016),7.4,99,260750
1205,Moana,(I) (2016),7.6,81,257338
1206,The Jungle Book,(2016),7.4,77,253854
1207,The Accountant,(2016),7.3,51,251806
1208,Now You See Me 2,(2016),6.5,46,238780
1209,Warcraft,(2016),6.8,32,237216
1210,Manchester by the Sea,(2016),7.8,96,236444
1211,Finding Dory,(2016),7.3,77,231855
1212,Sully,(2016),7.4,74,227409
1213,Nocturnal Animals,(2016),7.5,67,227306
1214,Star Trek Beyond,(2016),7.1,68,221899
1215,The Conjuring 2,(2016),7.3,65,216243
1216,Don't Breathe,(2016),7.1,71,210251
1217,Lion,(2016),8.0,69,204740
1218,Jason Bourne,(I) (2016),6.6,58,202745
1219,Ghostbusters,(2016),5.2,60,198858
1220,Me Before You,(2016),7.4,51,197884
1221,Hell or High Water,(II) (2016),7.6,88,196234
1222,Hidden Figures,(2016),7.8,74,191554
1223,Assassin's Creed,(2016),5.7,36,180348
1224,Captain Fantastic,(2016),7.9,72,180221
1225,The Magnificent Seven,(2016),6.9,54,180103
1226,The Secret Life of Pets,(2016),6.5,61,178269
1227,Your Name.,(2016),8.4,79,174128
1228,Sausage Party,(2016),6.1,66,170858
1229,War Dogs,(2016),7.1,57,170663
1230,The Promise,(II) (2016),6.0,49,166733
1231,The Girl on the Train,(2016),6.5,48,163848
1232,Independence Day: Resurgence,(2016),5.2,32,163140
1233,The Legend of Tarzan,(2016),6.2,44,159738
1234,Deadpool,(2016),8.0,65,877108
1235,Captain America: Civil War,(2016),7.8,75,639744
1236,Batman v Superman: Dawn of Justice,(2016),6.4,44,608822
1237,Suicide Squad,(2016),6.0,40,582659
1238,Doctor Strange,(2016),7.5,72,574161
1239,Arrival,(II) (2016),7.9,81,570780
1240,Rogue One: A Star Wars Story,(2016),7.8,65,535211
1241,La La Land,(2016),8.0,94,483880
1242,Zootopia,(2016),8.0,78,417932
1243,Hacksaw Ridge,(2016),8.1,71,413934
1244,Split,(IX) (2016),7.3,62,405200
1245,Fantastic Beasts and Where to Find Them,(2016),7.3,66,395881
1246,X-Men: Apocalypse,(2016),6.9,52,382273
1247,Passengers,(I) (2016),7.0,41,337852
1248,10 Cloverfield Lane,(2016),7.2,76,281364
1249,The Nice Guys,(2016),7.4,70,267240
1250,Moonlight,(I) (2016),7.4,99,260750
1251,Moana,(I) (2016),7.6,81,257338
1252,The Jungle Book,(2016),7.4,77,253854
1253,The Accountant,(2016),7.3,51,251806
1254,Now You See Me 2,(2016),6.5,46,238780
1255,Warcraft,(2016),6.8,32,237216
1256,Manchester by the Sea,(2016),7.8,96,236444
1257,Finding Dory,(2016),7.3,77,231855
1258,Sully,(2016),7.4,74,227409
1259,Nocturnal Animals,(2016),7.5,67,227306
1260,Star Trek Beyond,(2016),7.1,68,221899
1261,The Conjuring 2,(2016),7.3,65,216243
1262,Don't Breathe,(2016),7.1,71,210251
1263,Lion,(2016),8.0,69,204740
1264,Jason Bourne,(I) (2016),6.6,58,202745
1265,Ghostbusters,(2016),5.2,60,198858
1266,Me Before You,(2016),7.4,51,197884
1267,Hell or High Water,(II) (2016),7.6,88,196234
1268,Hidden Figures,(2016),7.8,74,191554
1269,Assassin's Creed,(2016),5.7,36,180348
1270,Captain Fantastic,(2016),7.9,72,180221
1271,The Magnificent Seven,(2016),6.9,54,180103
1272,The Secret Life of Pets,(2016),6.5,61,178269
1273,Your Name.,(2016),8.4,79,174128
1274,Sausage Party,(2016),6.1,66,170858
1275,War Dogs,(2016),7.1,57,170663
1276,The Promise,(II) (2016),6.0,49,166733
1277,The Girl on the Train,(2016),6.5,48,163848
1278,Independence Day: Resurgence,(2016),5.2,32,163140
1279,The Legend of Tarzan,(2016),6.2,44,159738
1280,Logan,(2017),8.1,77,622306
1281,Thor: Ragnarok,(2017),7.9,74,558909
1282,Guardians of the Galaxy Vol. 2,(2017),7.6,67,545388
1283,Star Wars: Episode VIII - The Last Jedi,(2017),7.0,84,544126
1284,Wonder Woman,(2017),7.4,76,531968
1285,Dunkirk,(2017),7.9,94,524274
1286,Spider-Man: Homecoming,(2017),7.4,73,489766
1287,Get Out,(I) (2017),7.7,85,466732
1288,It,(I) (2017),7.3,69,438591
1289,Blade Runner 2049,(2017),8.0,81,435976
1290,Baby Driver,(2017),7.6,86,417348
1291,"Three Billboards Outside Ebbing, Missouri",(2017),8.2,88,405413
1292,Justice League,(2017),6.4,45,367660
1293,The Shape of Water,(2017),7.3,87,354434
1294,John Wick: Chapter 2,(2017),7.5,75,348314
1295,Coco,(I) (2017),8.4,81,346512
1296,Jumanji: Welcome to the Jungle,(2017),6.9,58,305162
1297,Beauty and the Beast,(I) (2017),7.1,65,261821
1298,Kong: Skull Island,(2017),6.6,62,260191
1299,Kingsman: The Golden Circle,(2017),6.7,44,259525
1300,Pirates of the Caribbean: Dead Men Tell No Tales,(2017),6.6,39,252294
1301,Alien: Covenant,(2017),6.4,65,246325
1302,Lady Bird,(2017),7.4,94,225123
1303,The Greatest Showman,(2017),7.6,48,223126
1304,War for the Planet of the Apes,(2017),7.4,82,220475
1305,Murder on the Orient Express,(2017),6.5,52,200822
1306,Life,(I) (2017),6.6,54,200214
1307,The Fate of the Furious,(2017),6.7,56,197915
1308,Call Me by Your Name,(2017),7.9,93,196181
1309,Wind River,(2017),7.7,73,193490
1310,Ghost in the Shell,(2017),6.3,52,190494
1311,King Arthur: Legend of the Sword,(2017),6.7,41,185646
1312,Mother!,(2017),6.6,75,182526
1313,The Hitman's Bodyguard,(2017),6.9,47,179394
1314,"I, Tonya",(2017),7.5,77,171180
1315,Atomic Blonde,(2017),6.7,63,169100
1316,The Mummy,(2017),5.4,34,167997
1317,Darkest Hour,(2017),7.4,75,163632
1318,Bright,(I) (2017),6.3,29,163258
1319,Valerian and the City of a Thousand Planets,(2017),6.5,51,156210
1320,Baywatch,(2017),5.5,37,154815
1321,American Made,(2017),7.2,65,151986
1322,Logan,(2017),8.1,77,622306
1323,Thor: Ragnarok,(2017),7.9,74,558909
1324,Guardians of the Galaxy Vol. 2,(2017),7.6,67,545388
1325,Star Wars: Episode VIII - The Last Jedi,(2017),7.0,84,544126
1326,Wonder Woman,(2017),7.4,76,531968
1327,Dunkirk,(2017),7.9,94,524274
1328,Spider-Man: Homecoming,(2017),7.4,73,489766
1329,Get Out,(I) (2017),7.7,85,466732
1330,It,(I) (2017),7.3,69,438591
1331,Blade Runner 2049,(2017),8.0,81,435976
1332,Baby Driver,(2017),7.6,86,417348
1333,"Three Billboards Outside Ebbing, Missouri",(2017),8.2,88,405413
1334,Justice League,(2017),6.4,45,367660
1335,The Shape of Water,(2017),7.3,87,354434
1336,John Wick: Chapter 2,(2017),7.5,75,348314
1337,Coco,(I) (2017),8.4,81,346512
1338,Jumanji: Welcome to the Jungle,(2017),6.9,58,305162
1339,Beauty and the Beast,(I) (2017),7.1,65,261821
1340,Kong: Skull Island,(2017),6.6,62,260191
1341,Kingsman: The Golden Circle,(2017),6.7,44,259525
1342,Pirates of the Caribbean: Dead Men Tell No Tales,(2017),6.6,39,252294
1343,Alien: Covenant,(2017),6.4,65,246325
1344,Lady Bird,(2017),7.4,94,225123
1345,The Greatest Showman,(2017),7.6,48,223126
1346,War for the Planet of the Apes,(2017),7.4,82,220475
1347,Murder on the Orient Express,(2017),6.5,52,200822
1348,Life,(I) (2017),6.6,54,200214
1349,The Fate of the Furious,(2017),6.7,56,197915
1350,Call Me by Your Name,(2017),7.9,93,196181
1351,Wind River,(2017),7.7,73,193490
1352,Ghost in the Shell,(2017),6.3,52,190494
1353,King Arthur: Legend of the Sword,(2017),6.7,41,185646
1354,Mother!,(2017),6.6,75,182526
1355,The Hitman's Bodyguard,(2017),6.9,47,179394
1356,"I, Tonya",(2017),7.5,77,171180
1357,Atomic Blonde,(2017),6.7,63,169100
1358,The Mummy,(2017),5.4,34,167997
1359,Darkest Hour,(2017),7.4,75,163632
1360,Bright,(I) (2017),6.3,29,163258
1361,Valerian and the City of a Thousand Planets,(2017),6.5,51,156210
1362,Baywatch,(2017),5.5,37,154815
1363,American Made,(2017),7.2,65,151986
1364,Logan,(2017),8.1,77,622306
1365,Thor: Ragnarok,(2017),7.9,74,558909
1366,Guardians of the Galaxy Vol. 2,(2017),7.6,67,545388
1367,Star Wars: Episode VIII - The Last Jedi,(2017),7.0,84,544126
1368,Wonder Woman,(2017),7.4,76,531968
1369,Dunkirk,(2017),7.9,94,524274
1370,Spider-Man: Homecoming,(2017),7.4,73,489766
1371,Get Out,(I) (2017),7.7,85,466732
1372,It,(I) (2017),7.3,69,438591
1373,Blade Runner 2049,(2017),8.0,81,435976
1374,Baby Driver,(2017),7.6,86,417348
1375,"Three Billboards Outside Ebbing, Missouri",(2017),8.2,88,405413
1376,Justice League,(2017),6.4,45,367660
1377,The Shape of Water,(2017),7.3,87,354434
1378,John Wick: Chapter 2,(2017),7.5,75,348314
1379,Coco,(I) (2017),8.4,81,346512
1380,Jumanji: Welcome to the Jungle,(2017),6.9,58,305162
1381,Beauty and the Beast,(I) (2017),7.1,65,261821
1382,Kong: Skull Island,(2017),6.6,62,260191
1383,Kingsman: The Golden Circle,(2017),6.7,44,259525
1384,Pirates of the Caribbean: Dead Men Tell No Tales,(2017),6.6,39,252294
1385,Alien: Covenant,(2017),6.4,65,246325
1386,Lady Bird,(2017),7.4,94,225123
1387,The Greatest Showman,(2017),7.6,48,223126
1388,War for the Planet of the Apes,(2017),7.4,82,220475
1389,Murder on the Orient Express,(2017),6.5,52,200822
1390,Life,(I) (2017),6.6,54,200214
1391,The Fate of the Furious,(2017),6.7,56,197915
1392,Call Me by Your Name,(2017),7.9,93,196181
1393,Wind River,(2017),7.7,73,193490
1394,Ghost in the Shell,(2017),6.3,52,190494
1395,King Arthur: Legend of the Sword,(2017),6.7,41,185646
1396,Mother!,(2017),6.6,75,182526
1397,The Hitman's Bodyguard,(2017),6.9,47,179394
1398,"I, Tonya",(2017),7.5,77,171180
1399,Atomic Blonde,(2017),6.7,63,169100
1400,The Mummy,(2017),5.4,34,167997
1401,Darkest Hour,(2017),7.4,75,163632
1402,Bright,(I) (2017),6.3,29,163258
1403,Valerian and the City of a Thousand Planets,(2017),6.5,51,156210
1404,Baywatch,(2017),5.5,37,154815
1405,American Made,(2017),7.2,65,151986
1406,Logan,(2017),8.1,77,622306
1407,Thor: Ragnarok,(2017),7.9,74,558909
1408,Guardians of the Galaxy Vol. 2,(2017),7.6,67,545388
1409,Star Wars: Episode VIII - The Last Jedi,(2017),7.0,84,544126
1410,Wonder Woman,(2017),7.4,76,531968
1411,Dunkirk,(2017),7.9,94,524274
1412,Spider-Man: Homecoming,(2017),7.4,73,489766
1413,Get Out,(I) (2017),7.7,85,466732
1414,It,(I) (2017),7.3,69,438591
1415,Blade Runner 2049,(2017),8.0,81,435976
1416,Baby Driver,(2017),7.6,86,417348
1417,"Three Billboards Outside Ebbing, Missouri",(2017),8.2,88,405413
1418,Justice League,(2017),6.4,45,367660
1419,The Shape of Water,(2017),7.3,87,354434
1420,John Wick: Chapter 2,(2017),7.5,75,348314
1421,Coco,(I) (2017),8.4,81,346512
1422,Jumanji: Welcome to the Jungle,(2017),6.9,58,305162
1423,Beauty and the Beast,(I) (2017),7.1,65,261821
1424,Kong: Skull Island,(2017),6.6,62,260191
1425,Kingsman: The Golden Circle,(2017),6.7,44,259525
1426,Pirates of the Caribbean: Dead Men Tell No Tales,(2017),6.6,39,252294
1427,Alien: Covenant,(2017),6.4,65,246325
1428,Lady Bird,(2017),7.4,94,225123
1429,The Greatest Showman,(2017),7.6,48,223126
1430,War for the Planet of the Apes,(2017),7.4,82,220475
1431,Murder on the Orient Express,(2017),6.5,52,200822
1432,Life,(I) (2017),6.6,54,200214
1433,The Fate of the Furious,(2017),6.7,56,197915
1434,Call Me by Your Name,(2017),7.9,93,196181
1435,Wind River,(2017),7.7,73,193490
1436,Ghost in the Shell,(2017),6.3,52,190494
1437,King Arthur: Legend of the Sword,(2017),6.7,41,185646
1438,Mother!,(2017),6.6,75,182526
1439,The Hitman's Bodyguard,(2017),6.9,47,179394
1440,"I, Tonya",(2017),7.5,77,171180
1441,Atomic Blonde,(2017),6.7,63,169100
1442,The Mummy,(2017),5.4,34,167997
1443,Darkest Hour,(2017),7.4,75,163632
1444,Bright,(I) (2017),6.3,29,163258
1445,Valerian and the City of a Thousand Planets,(2017),6.5,51,156210
1446,Baywatch,(2017),5.5,37,154815
1447,American Made,(2017),7.2,65,151986
1448,Avengers: Infinity War,(2018),8.4,68,787155
1449,Black Panther,(2018),7.3,88,588550
1450,Deadpool 2,(2018),7.7,66,456105
1451,Bohemian Rhapsody,(2018),8.0,49,429357
1452,A Quiet Place,(2018),7.5,82,386828
1453,Ready Player One,(2018),7.5,64,349886
1454,Aquaman,(2018),7.0,55,342940
1455,Venom,(2018),6.7,35,336952
1456,Green Book,(2018),8.2,69,334018
1457,Spider-Man: Into the Spider-Verse,(2018),8.4,87,328246
1458,A Star Is Born,(2018),7.7,88,314033
1459,Ant-Man and the Wasp,(2018),7.1,70,291639
1460,Mission: Impossible - Fallout,(2018),7.7,86,277507
1461,Solo: A Star Wars Story,(2018),6.9,62,274511
1462,Annihilation,(2018),6.9,79,268299
1463,Bird Box,(2018),6.6,51,263103
1464,Jurassic World: Fallen Kingdom,(2018),6.2,51,253598
1465,Incredibles 2,(2018),7.6,80,236822
1466,Hereditary,(2018),7.3,87,216254
1467,Fantastic Beasts: The Crimes of Grindelwald,(2018),6.6,52,206283
1468,BlacKkKlansman,(2018),7.5,83,200257
1469,Game Night,(I) (2018),6.9,66,195305
1470,Tomb Raider,(2018),6.3,48,184133
1471,Ocean's 8,(2018),6.2,61,173784
1472,The Favourite,(2018),7.5,91,161333
1473,Red Sparrow,(2018),6.6,53,157788
1474,First Man,(2018),7.3,84,156302
1475,Upgrade,(2018),7.5,67,141658
1476,The Meg,(2018),5.7,46,140256
1477,Rampage,(2018),6.1,45,136346
1478,Roma,(2018),7.7,96,132922
1479,Isle of Dogs,(2018),7.9,82,131033
1480,Crazy Rich Asians,(2018),6.9,74,130322
1481,Bumblebee,(I) (2018),6.8,66,128453
1482,Searching,(III) (2018),7.6,71,127939
1483,The Equalizer 2,(2018),6.7,50,122432
1484,Ralph Breaks the Internet,(2018),7.1,71,122195
1485,Bad Times at the El Royale,(2018),7.1,60,121596
1486,Sicario: Day of the Soldado,(2018),7.1,61,117809
1487,A Simple Favor,(2018),6.8,67,116667
1488,The Ballad of Buster Scruggs,(2018),7.3,79,112920
1489,The Predator,(2018),5.4,48,111430
1490,Halloween,(I) (2018),6.6,67,110994
1491,Vice,(I) (2018),7.2,61,110784
1492,The Nun,(2018),5.3,46,110726
1493,Tag,(I) (2018),6.5,56,107005
1494,Avengers: Infinity War,(2018),8.4,68,787155
1495,Black Panther,(2018),7.3,88,588550
1496,Deadpool 2,(2018),7.7,66,456105
1497,Bohemian Rhapsody,(2018),8.0,49,429357
1498,A Quiet Place,(2018),7.5,82,386828
1499,Ready Player One,(2018),7.5,64,349886
1500,Aquaman,(2018),7.0,55,342940
1501,Venom,(2018),6.7,35,336952
1502,Green Book,(2018),8.2,69,334018
1503,Spider-Man: Into the Spider-Verse,(2018),8.4,87,328246
1504,A Star Is Born,(2018),7.7,88,314033
1505,Ant-Man and the Wasp,(2018),7.1,70,291639
1506,Mission: Impossible - Fallout,(2018),7.7,86,277507
1507,Solo: A Star Wars Story,(2018),6.9,62,274511
1508,Annihilation,(2018),6.9,79,268299
1509,Bird Box,(2018),6.6,51,263103
1510,Jurassic World: Fallen Kingdom,(2018),6.2,51,253598
1511,Incredibles 2,(2018),7.6,80,236822
1512,Hereditary,(2018),7.3,87,216254
1513,Fantastic Beasts: The Crimes of Grindelwald,(2018),6.6,52,206283
1514,BlacKkKlansman,(2018),7.5,83,200257
1515,Game Night,(I) (2018),6.9,66,195305
1516,Tomb Raider,(2018),6.3,48,184133
1517,Ocean's 8,(2018),6.2,61,173784
1518,The Favourite,(2018),7.5,91,161333
1519,Red Sparrow,(2018),6.6,53,157788
1520,First Man,(2018),7.3,84,156302
1521,Upgrade,(2018),7.5,67,141658
1522,The Meg,(2018),5.7,46,140256
1523,Rampage,(2018),6.1,45,136346
1524,Roma,(2018),7.7,96,132922
1525,Isle of Dogs,(2018),7.9,82,131033
1526,Crazy Rich Asians,(2018),6.9,74,130322
1527,Bumblebee,(I) (2018),6.8,66,128453
1528,Searching,(III) (2018),7.6,71,127939
1529,The Equalizer 2,(2018),6.7,50,122432
1530,Ralph Breaks the Internet,(2018),7.1,71,122195
1531,Bad Times at the El Royale,(2018),7.1,60,121596
1532,Sicario: Day of the Soldado,(2018),7.1,61,117809
1533,A Simple Favor,(2018),6.8,67,116667
1534,The Ballad of Buster Scruggs,(2018),7.3,79,112920
1535,The Predator,(2018),5.4,48,111430
1536,Halloween,(I) (2018),6.6,67,110994
1537,Vice,(I) (2018),7.2,61,110784
1538,The Nun,(2018),5.3,46,110726
1539,Tag,(I) (2018),6.5,56,107005
1540,Avengers: Infinity War,(2018),8.4,68,787155
1541,Black Panther,(2018),7.3,88,588550
1542,Deadpool 2,(2018),7.7,66,456105
1543,Bohemian Rhapsody,(2018),8.0,49,429357
1544,A Quiet Place,(2018),7.5,82,386828
1545,Ready Player One,(2018),7.5,64,349886
1546,Aquaman,(2018),7.0,55,342940
1547,Venom,(2018),6.7,35,336952
1548,Green Book,(2018),8.2,69,334018
1549,Spider-Man: Into the Spider-Verse,(2018),8.4,87,328246
1550,A Star Is Born,(2018),7.7,88,314033
1551,Ant-Man and the Wasp,(2018),7.1,70,291639
1552,Mission: Impossible - Fallout,(2018),7.7,86,277507
1553,Solo: A Star Wars Story,(2018),6.9,62,274511
1554,Annihilation,(2018),6.9,79,268299
1555,Bird Box,(2018),6.6,51,263103
1556,Jurassic World: Fallen Kingdom,(2018),6.2,51,253598
1557,Incredibles 2,(2018),7.6,80,236822
1558,Hereditary,(2018),7.3,87,216254
1559,Fantastic Beasts: The Crimes of Grindelwald,(2018),6.6,52,206283
1560,BlacKkKlansman,(2018),7.5,83,200257
1561,Game Night,(I) (2018),6.9,66,195305
1562,Tomb Raider,(2018),6.3,48,184133
1563,Ocean's 8,(2018),6.2,61,173784
1564,The Favourite,(2018),7.5,91,161333
1565,Red Sparrow,(2018),6.6,53,157788
1566,First Man,(2018),7.3,84,156302
1567,Upgrade,(2018),7.5,67,141658
1568,The Meg,(2018),5.7,46,140256
1569,Rampage,(2018),6.1,45,136346
1570,Roma,(2018),7.7,96,132922
1571,Isle of Dogs,(2018),7.9,82,131033
1572,Crazy Rich Asians,(2018),6.9,74,130322
1573,Bumblebee,(I) (2018),6.8,66,128453
1574,Searching,(III) (2018),7.6,71,127939
1575,The Equalizer 2,(2018),6.7,50,122432
1576,Ralph Breaks the Internet,(2018),7.1,71,122195
1577,Bad Times at the El Royale,(2018),7.1,60,121596
1578,Sicario: Day of the Soldado,(2018),7.1,61,117809
1579,A Simple Favor,(2018),6.8,67,116667
1580,The Ballad of Buster Scruggs,(2018),7.3,79,112920
1581,The Predator,(2018),5.4,48,111430
1582,Halloween,(I) (2018),6.6,67,110994
1583,Vice,(I) (2018),7.2,61,110784
1584,The Nun,(2018),5.3,46,110726
1585,Tag,(I) (2018),6.5,56,107005
1586,Avengers: Infinity War,(2018),8.4,68,787155
1587,Black Panther,(2018),7.3,88,588550
1588,Deadpool 2,(2018),7.7,66,456105
1589,Bohemian Rhapsody,(2018),8.0,49,429357
1590,A Quiet Place,(2018),7.5,82,386828
1591,Ready Player One,(2018),7.5,64,349886
1592,Aquaman,(2018),7.0,55,342940
1593,Venom,(2018),6.7,35,336952
1594,Green Book,(2018),8.2,69,334018
1595,Spider-Man: Into the Spider-Verse,(2018),8.4,87,328246
1596,A Star Is Born,(2018),7.7,88,314033
1597,Ant-Man and the Wasp,(2018),7.1,70,291639
1598,Mission: Impossible - Fallout,(2018),7.7,86,277507
1599,Solo: A Star Wars Story,(2018),6.9,62,274511
1600,Annihilation,(2018),6.9,79,268299
1601,Bird Box,(2018),6.6,51,263103
1602,Jurassic World: Fallen Kingdom,(2018),6.2,51,253598
1603,Incredibles 2,(2018),7.6,80,236822
1604,Hereditary,(2018),7.3,87,216254
1605,Fantastic Beasts: The Crimes of Grindelwald,(2018),6.6,52,206283
1606,BlacKkKlansman,(2018),7.5,83,200257
1607,Game Night,(I) (2018),6.9,66,195305
1608,Tomb Raider,(2018),6.3,48,184133
1609,Ocean's 8,(2018),6.2,61,173784
1610,The Favourite,(2018),7.5,91,161333
1611,Red Sparrow,(2018),6.6,53,157788
1612,First Man,(2018),7.3,84,156302
1613,Upgrade,(2018),7.5,67,141658
1614,The Meg,(2018),5.7,46,140256
1615,Rampage,(2018),6.1,45,136346
1616,Roma,(2018),7.7,96,132922
1617,Isle of Dogs,(2018),7.9,82,131033
1618,Crazy Rich Asians,(2018),6.9,74,130322
1619,Bumblebee,(I) (2018),6.8,66,128453
1620,Searching,(III) (2018),7.6,71,127939
1621,The Equalizer 2,(2018),6.7,50,122432
1622,Ralph Breaks the Internet,(2018),7.1,71,122195
1623,Bad Times at the El Royale,(2018),7.1,60,121596
1624,Sicario: Day of the Soldado,(2018),7.1,61,117809
1625,A Simple Favor,(2018),6.8,67,116667
1626,The Ballad of Buster Scruggs,(2018),7.3,79,112920
1627,The Predator,(2018),5.4,48,111430
1628,Halloween,(I) (2018),6.6,67,110994
1629,Vice,(I) (2018),7.2,61,110784
1630,The Nun,(2018),5.3,46,110726
1631,Tag,(I) (2018),6.5,56,107005
1632,Joker,(2019),8.5,59,827774
1633,Avengers: Endgame,(2019),8.4,78,739568
1634,Once Upon a Time... in Hollywood,(2019),7.7,83,491737
1635,Parasite,(2019),8.6,96,447578
1636,Captain Marvel,(2019),6.9,64,418003
1637,Knives Out,(2019),7.9,82,347815
1638,1917,(2019),8.3,78,344156
1639,Star Wars: Episode IX - The Rise of Skywalker,(2019),6.7,53,339634
1640,Spider-Man: Far from Home,(2019),7.5,69,298847
1641,The Irishman,(2019),7.9,94,298440
1642,John Wick: Chapter 3 - Parabellum,(2019),7.5,73,252992
1643,Jojo Rabbit,(2019),7.9,58,237346
1644,Shazam!,(2019),7.1,71,236602
1645,Ford v Ferrari,(2019),8.1,81,236054
1646,Marriage Story,(2019),8.0,94,221155
1647,Alita: Battle Angel,(2019),7.3,53,213594
1648,Aladdin,(2019),7.0,53,211425
1649,Us,(II) (2019),6.9,81,205691
1650,The Lion King,(2019),6.9,55,196139
1651,Glass,(2019),6.7,43,195146
1652,Uncut Gems,(2019),7.4,90,189731
1653,It Chapter Two,(2019),6.6,58,185698
1654,Toy Story 4,(2019),7.8,84,185346
1655,Ad Astra,(2019),6.6,80,177296
1656,El Camino: A Breaking Bad Movie,(2019),7.3,72,168738
1657,Midsommar,(2019),7.1,72,167508
1658,The Gentlemen,(2019),7.9,51,161928
1659,Jumanji: The Next Level,(2019),6.7,58,158385
1660,Fast & Furious Presents: Hobbs & Shaw,(2019),6.4,60,155589
1661,X-Men: Dark Phoenix,(2019),5.8,43,142784
1662,The Platform,(2019),7.0,73,137621
1663,Pokémon Detective Pikachu,(2019),6.6,53,128150
1664,Terminator: Dark Fate,(2019),6.3,54,126434
1665,6 Underground,(2019),6.1,41,125781
1666,Godzilla: King of the Monsters,(2019),6.0,48,122773
1667,Rocketman,(I) (2019),7.3,69,121307
1668,Frozen II,(2019),6.9,64,117608
1669,Zombieland: Double Tap,(2019),6.7,55,117380
1670,Little Women,(2019),7.9,91,115334
1671,Joker,(2019),8.5,59,827774
1672,Avengers: Endgame,(2019),8.4,78,739568
1673,Once Upon a Time... in Hollywood,(2019),7.7,83,491737
1674,Parasite,(2019),8.6,96,447578
1675,Captain Marvel,(2019),6.9,64,418003
1676,Knives Out,(2019),7.9,82,347815
1677,1917,(2019),8.3,78,344156
1678,Star Wars: Episode IX - The Rise of Skywalker,(2019),6.7,53,339634
1679,Spider-Man: Far from Home,(2019),7.5,69,298847
1680,The Irishman,(2019),7.9,94,298440
1681,John Wick: Chapter 3 - Parabellum,(2019),7.5,73,252992
1682,Jojo Rabbit,(2019),7.9,58,237346
1683,Shazam!,(2019),7.1,71,236602
1684,Ford v Ferrari,(2019),8.1,81,236054
1685,Marriage Story,(2019),8.0,94,221155
1686,Alita: Battle Angel,(2019),7.3,53,213594
1687,Aladdin,(2019),7.0,53,211425
1688,Us,(II) (2019),6.9,81,205691
1689,The Lion King,(2019),6.9,55,196139
1690,Glass,(2019),6.7,43,195146
1691,Uncut Gems,(2019),7.4,90,189731
1692,It Chapter Two,(2019),6.6,58,185698
1693,Toy Story 4,(2019),7.8,84,185346
1694,Ad Astra,(2019),6.6,80,177296
1695,El Camino: A Breaking Bad Movie,(2019),7.3,72,168738
1696,Midsommar,(2019),7.1,72,167508
1697,The Gentlemen,(2019),7.9,51,161928
1698,Jumanji: The Next Level,(2019),6.7,58,158385
1699,Fast & Furious Presents: Hobbs & Shaw,(2019),6.4,60,155589
1700,X-Men: Dark Phoenix,(2019),5.8,43,142784
1701,The Platform,(2019),7.0,73,137621
1702,Pokémon Detective Pikachu,(2019),6.6,53,128150
1703,Terminator: Dark Fate,(2019),6.3,54,126434
1704,6 Underground,(2019),6.1,41,125781
1705,Godzilla: King of the Monsters,(2019),6.0,48,122773
1706,Rocketman,(I) (2019),7.3,69,121307
1707,Frozen II,(2019),6.9,64,117608
1708,Zombieland: Double Tap,(2019),6.7,55,117380
1709,Little Women,(2019),7.9,91,115334
1710,Joker,(2019),8.5,59,827774
1711,Avengers: Endgame,(2019),8.4,78,739568
1712,Once Upon a Time... in Hollywood,(2019),7.7,83,491737
1713,Parasite,(2019),8.6,96,447578
1714,Captain Marvel,(2019),6.9,64,418003
1715,Knives Out,(2019),7.9,82,347815
1716,1917,(2019),8.3,78,344156
1717,Star Wars: Episode IX - The Rise of Skywalker,(2019),6.7,53,339634
1718,Spider-Man: Far from Home,(2019),7.5,69,298847
1719,The Irishman,(2019),7.9,94,298440
1720,John Wick: Chapter 3 - Parabellum,(2019),7.5,73,252992
1721,Jojo Rabbit,(2019),7.9,58,237346
1722,Shazam!,(2019),7.1,71,236602
1723,Ford v Ferrari,(2019),8.1,81,236054
1724,Marriage Story,(2019),8.0,94,221155
1725,Alita: Battle Angel,(2019),7.3,53,213594
1726,Aladdin,(2019),7.0,53,211425
1727,Us,(II) (2019),6.9,81,205691
1728,The Lion King,(2019),6.9,55,196139
1729,Glass,(2019),6.7,43,195146
1730,Uncut Gems,(2019),7.4,90,189731
1731,It Chapter Two,(2019),6.6,58,185698
1732,Toy Story 4,(2019),7.8,84,185346
1733,Ad Astra,(2019),6.6,80,177296
1734,El Camino: A Breaking Bad Movie,(2019),7.3,72,168738
1735,Midsommar,(2019),7.1,72,167508
1736,The Gentlemen,(2019),7.9,51,161928
1737,Jumanji: The Next Level,(2019),6.7,58,158385
1738,Fast & Furious Presents: Hobbs & Shaw,(2019),6.4,60,155589
1739,X-Men: Dark Phoenix,(2019),5.8,43,142784
1740,The Platform,(2019),7.0,73,137621
1741,Pokémon Detective Pikachu,(2019),6.6,53,128150
1742,Terminator: Dark Fate,(2019),6.3,54,126434
1743,6 Underground,(2019),6.1,41,125781
1744,Godzilla: King of the Monsters,(2019),6.0,48,122773
1745,Rocketman,(I) (2019),7.3,69,121307
1746,Frozen II,(2019),6.9,64,117608
1747,Zombieland: Double Tap,(2019),6.7,55,117380
1748,Little Women,(2019),7.9,91,115334
1749,Joker,(2019),8.5,59,827774
1750,Avengers: Endgame,(2019),8.4,78,739568
1751,Once Upon a Time... in Hollywood,(2019),7.7,83,491737
1752,Parasite,(2019),8.6,96,447578
1753,Captain Marvel,(2019),6.9,64,418003
1754,Knives Out,(2019),7.9,82,347815
1755,1917,(2019),8.3,78,344156
1756,Star Wars: Episode IX - The Rise of Skywalker,(2019),6.7,53,339634
1757,Spider-Man: Far from Home,(2019),7.5,69,298847
1758,The Irishman,(2019),7.9,94,298440
1759,John Wick: Chapter 3 - Parabellum,(2019),7.5,73,252992
1760,Jojo Rabbit,(2019),7.9,58,237346
1761,Shazam!,(2019),7.1,71,236602
1762,Ford v Ferrari,(2019),8.1,81,236054
1763,Marriage Story,(2019),8.0,94,221155
1764,Alita: Battle Angel,(2019),7.3,53,213594
1765,Aladdin,(2019),7.0,53,211425
1766,Us,(II) (2019),6.9,81,205691
1767,The Lion King,(2019),6.9,55,196139
1768,Glass,(2019),6.7,43,195146
1769,Uncut Gems,(2019),7.4,90,189731
1770,It Chapter Two,(2019),6.6,58,185698
1771,Toy Story 4,(2019),7.8,84,185346
1772,Ad Astra,(2019),6.6,80,177296
1773,El Camino: A Breaking Bad Movie,(2019),7.3,72,168738
1774,Midsommar,(2019),7.1,72,167508
1775,The Gentlemen,(2019),7.9,51,161928
1776,Jumanji: The Next Level,(2019),6.7,58,158385
1777,Fast & Furious Presents: Hobbs & Shaw,(2019),6.4,60,155589
1778,X-Men: Dark Phoenix,(2019),5.8,43,142784
1779,The Platform,(2019),7.0,73,137621
1780,Pokémon Detective Pikachu,(2019),6.6,53,128150
1781,Terminator: Dark Fate,(2019),6.3,54,126434
1782,6 Underground,(2019),6.1,41,125781
1783,Godzilla: King of the Monsters,(2019),6.0,48,122773
1784,Rocketman,(I) (2019),7.3,69,121307
1785,Frozen II,(2019),6.9,64,117608
1786,Zombieland: Double Tap,(2019),6.7,55,117380
1787,Little Women,(2019),7.9,91,115334
